,Document,1st,2nd,3rd,4th,5th,6th,7th,8th,9th,10th,11th,12th,13th,14th,15th,16th,17th
0,1995wess_clean_0.txt,SDG 8,SDG 1,SDG 17,SDG 9,SDG 10,SDG 2,SDG 3,SDG 4,SDG 16,SDG 11,SDG 7,SDG 12,SDG 15,SDG 5,SDG 6,SDG 13,SDG 14
1,Count,199,132,85,55,55,38,19,15,5,4,3,2,2,1,1,0,0
2,Percentage,32.31,21.43,13.8,8.93,8.93,6.17,3.08,2.44,0.81,0.65,0.49,0.32,0.32,0.16,0.16,0,0
3,1996wess_clean_0.txt,SDG 8,SDG 17,SDG 7,SDG 6,SDG 11,SDG 2,SDG 10,SDG 1,SDG 9,SDG 15,SDG 16,SDG 4,SDG 3,SDG 12,SDG 13,SDG 5,SDG 14
4,Count,239,83,55,51,29,28,26,25,15,12,9,7,5,3,2,0,0
5,Percentage,40.58,14.09,9.34,8.66,4.92,4.75,4.41,4.24,2.55,2.04,1.53,1.19,0.85,0.51,0.34,0,0
6,1997wess_clean_0.txt,SDG 8,SDG 3,SDG 17,SDG 1,SDG 7,SDG 10,SDG 13,SDG 2,SDG 9,SDG 16,SDG 4,SDG 11,SDG 12,SDG 6,SDG 15,SDG 5,SDG 14
7,Count,264,260,112,80,70,43,37,17,14,14,12,9,9,2,2,0,0
8,Percentage,27.94,27.51,11.85,8.47,7.41,4.55,3.92,1.8,1.48,1.48,1.27,0.95,0.95,0.21,0.21,0,0
9,1998wess_clean_0.txt,SDG 8,SDG 17,SDG 2,SDG 10,SDG 1,SDG 7,SDG 9,SDG 16,SDG 4,SDG 11,SDG 5,SDG 12,SDG 3,SDG 6,SDG 13,SDG 14,SDG 15
10,Count,149,33,15,12,11,3,3,3,2,2,1,1,0,0,0,0,0
11,Percentage,63.4,14.04,6.38,5.11,4.68,1.28,1.28,1.28,0.85,0.85,0.43,0.43,0,0,0,0,0
12,1999wess_part2_0.txt,SDG 8,SDG 9,SDG 17,SDG 10,SDG 1,SDG 16,SDG 5,SDG 2,SDG 3,SDG 11,SDG 4,SDG 6,SDG 7,SDG 12,SDG 13,SDG 14,SDG 15
13,Count,131,21,20,13,10,5,3,2,2,1,0,0,0,0,0,0,0
14,Percentage,62.98,10.1,9.62,6.25,4.81,2.4,1.44,0.96,0.96,0.48,0,0,0,0,0,0,0
15,2000wess_part2_0.txt,SDG 8,SDG 2,SDG 4,SDG 9,SDG 1,SDG 10,SDG 17,SDG 16,SDG 3,SDG 6,SDG 5,SDG 7,SDG 15,SDG 11,SDG 12,SDG 13,SDG 14
16,Count,136,68,60,45,37,34,26,18,9,3,2,2,2,1,1,0,0
17,Percentage,30.63,15.32,13.51,10.14,8.33,7.66,5.86,4.05,2.03,0.68,0.45,0.45,0.45,0.23,0.23,0,0
18,2001_World_Public_Sector_Report_0.txt,SDG 16,SDG 8,SDG 1,SDG 10,SDG 17,SDG 3,SDG 4,SDG 9,SDG 11,SDG 6,SDG 13,SDG 15,SDG 2,SDG 5,SDG 7,SDG 12,SDG 14
19,Count,125,73,58,32,31,27,10,10,10,6,5,5,2,2,0,0,0
20,Percentage,31.57,18.43,14.65,8.08,7.83,6.82,2.53,2.53,2.53,1.52,1.26,1.26,0.51,0.51,0,0,0
21,2001wess_part2_0.txt,SDG 8,SDG 1,SDG 17,SDG 2,SDG 15,SDG 11,SDG 3,SDG 10,SDG 13,SDG 9,SDG 6,SDG 16,SDG 4,SDG 7,SDG 14,SDG 5,SDG 12
22,Count,49,36,31,28,25,23,17,11,7,5,4,4,3,1,1,0,0
23,Percentage,20,14.69,12.65,11.43,10.2,9.39,6.94,4.49,2.86,2.04,1.63,1.63,1.22,0.41,0.41,0,0
24,2002wess_part2_0.txt,SDG 3,SDG 9,SDG 4,SDG 8,SDG 1,SDG 2,SDG 7,SDG 17,SDG 10,SDG 16,SDG 6,SDG 11,SDG 5,SDG 12,SDG 13,SDG 14,SDG 15
25,Count,200,116,62,56,54,53,19,16,12,9,6,6,2,0,0,0,0
26,Percentage,32.73,18.99,10.15,9.17,8.84,8.67,3.11,2.62,1.96,1.47,0.98,0.98,0.33,0,0,0,0
27,2003_World_Public_Sector_Report_0.txt,SDG 16,SDG 9,SDG 17,SDG 4,SDG 1,SDG 8,SDG 11,SDG 3,SDG 10,SDG 5,SDG 2,SDG 7,SDG 12,SDG 15,SDG 6,SDG 13,SDG 14
28,Count,60,32,27,24,20,18,15,12,9,4,3,2,2,2,0,0,0
29,Percentage,26.09,13.91,11.74,10.43,8.7,7.83,6.52,5.22,3.91,1.74,1.3,0.87,0.87,0.87,0,0,0
30,2003_World_Youth_Report_0.txt,SDG 3,SDG 8,SDG 1,SDG 4,SDG 10,SDG 16,SDG 5,SDG 2,SDG 9,SDG 11,SDG 15,SDG 6,SDG 12,SDG 7,SDG 17,SDG 13,SDG 14
31,Count,648,293,192,170,127,127,73,56,37,19,14,10,8,4,3,0,0
32,Percentage,36.38,16.45,10.78,9.55,7.13,7.13,4.1,3.14,2.08,1.07,0.79,0.56,0.45,0.22,0.17,0,0
33,2003wess_part2_0.txt,SDG 1,SDG 8,SDG 2,SDG 17,SDG 10,SDG 3,SDG 9,SDG 15,SDG 11,SDG 16,SDG 4,SDG 6,SDG 7,SDG 5,SDG 12,SDG 13,SDG 14
34,Count,380,212,100,89,66,22,22,14,8,7,6,2,2,0,0,0,0
35,Percentage,40.86,22.8,10.75,9.57,7.1,2.37,2.37,1.51,0.86,0.75,0.65,0.22,0.22,0,0,0,0
36,2004wess_part2_0.txt,SDG 10,SDG 8,SDG 16,SDG 1,SDG 17,SDG 4,SDG 3,SDG 9,SDG 5,SDG 2,SDG 11,SDG 15,SDG 6,SDG 7,SDG 12,SDG 13,SDG 14
37,Count,757,98,36,35,30,28,19,8,7,5,4,2,1,0,0,0,0
38,Percentage,73.5,9.51,3.5,3.4,2.91,2.72,1.84,0.78,0.68,0.49,0.39,0.19,0.1,0,0,0,0
39,2005_World_Public_Sector_Report_0.txt,SDG 3,SDG 16,SDG 10,SDG 8,SDG 17,SDG 4,SDG 1,SDG 9,SDG 15,SDG 5,SDG 2,SDG 6,SDG 7,SDG 11,SDG 12,SDG 13,SDG 14
40,Count,79,34,21,18,16,15,6,2,2,1,0,0,0,0,0,0,0
41,Percentage,40.72,17.53,10.82,9.28,8.25,7.73,3.09,1.03,1.03,0.52,0,0,0,0,0,0,0
42,2005_World_Youth_Report_0.txt,SDG 16,SDG 3,SDG 1,SDG 10,SDG 8,SDG 5,SDG 4,SDG 2,SDG 9,SDG 6,SDG 17,SDG 11,SDG 12,SDG 15,SDG 7,SDG 13,SDG 14
43,Count,234,202,156,117,115,104,80,22,14,9,8,5,3,3,1,0,0
44,Percentage,21.81,18.83,14.54,10.9,10.72,9.69,7.46,2.05,1.3,0.84,0.75,0.47,0.28,0.28,0.09,0,0
45,2005_rwss_0.txt,SDG 1,SDG 10,SDG 8,SDG 3,SDG 16,SDG 17,SDG 4,SDG 2,SDG 5,SDG 15,SDG 13,SDG 9,SDG 6,SDG 7,SDG 11,SDG 12,SDG 14
46,Count,192,186,171,96,33,31,21,20,13,7,4,3,0,0,0,0,0
47,Percentage,24.71,23.94,22.01,12.36,4.25,3.99,2.7,2.57,1.67,0.9,0.51,0.39,0,0,0,0,0
48,2005wess_0.txt,SDG 17,SDG 8,SDG 10,SDG 1,SDG 16,SDG 2,SDG 9,SDG 4,SDG 11,SDG 13,SDG 3,SDG 6,SDG 12,SDG 5,SDG 7,SDG 14,SDG 15
49,Count,195,175,142,91,27,26,25,15,14,7,6,1,1,0,0,0,0
50,Percentage,26.9,24.14,19.59,12.55,3.72,3.59,3.45,2.07,1.93,0.97,0.83,0.14,0.14,0,0,0,0
51,2006wess_0.txt,SDG 8,SDG 10,SDG 17,SDG 16,SDG 1,SDG 9,SDG 2,SDG 4,SDG 3,SDG 11,SDG 7,SDG 5,SDG 6,SDG 12,SDG 13,SDG 14,SDG 15
52,Count,303,117,105,52,45,29,22,19,8,3,1,0,0,0,0,0,0
53,Percentage,43.04,16.62,14.91,7.39,6.39,4.12,3.12,2.7,1.14,0.43,0.14,0,0,0,0,0,0
54,2007_World_Youth_Report_0.txt,SDG 3,SDG 8,SDG 4,SDG 1,SDG 10,SDG 16,SDG 5,SDG 2,SDG 9,SDG 11,SDG 7,SDG 6,SDG 17,SDG 12,SDG 13,SDG 15,SDG 14
55,Count,546,400,163,106,82,48,23,18,12,11,7,4,4,2,2,1,0
56,Percentage,38.21,27.99,11.41,7.42,5.74,3.36,1.61,1.26,0.84,0.77,0.49,0.28,0.28,0.14,0.14,0.07,0
57,2007_rwss_0.txt,SDG 8,SDG 1,SDG 10,SDG 3,SDG 4,SDG 2,SDG 5,SDG 16,SDG 17,SDG 9,SDG 11,SDG 6,SDG 15,SDG 7,SDG 12,SDG 13,SDG 14
58,Count,514,184,173,46,40,14,14,12,10,3,3,1,1,0,0,0,0
59,Percentage,50.64,18.13,17.04,4.53,3.94,1.38,1.38,1.18,0.99,0.3,0.3,0.1,0.1,0,0,0,0
60,2007wess_0.txt,SDG 3,SDG 1,SDG 8,SDG 10,SDG 4,SDG 16,SDG 9,SDG 2,SDG 17,SDG 6,SDG 11,SDG 5,SDG 13,SDG 7,SDG 12,SDG 14,SDG 15
61,Count,160,147,131,47,36,16,10,8,6,5,3,2,1,0,0,0,0
62,Percentage,27.97,25.7,22.9,8.22,6.29,2.8,1.75,1.4,1.05,0.87,0.52,0.35,0.17,0,0,0,0
63,2008_public_sector_report-out_0.txt,SDG 16,SDG 1,SDG 11,SDG 8,SDG 17,SDG 10,SDG 4,SDG 3,SDG 2,SDG 5,SDG 9,SDG 12,SDG 15,SDG 6,SDG 7,SDG 13,SDG 14
64,Count,118,48,26,23,12,10,8,7,2,2,2,1,1,0,0,0,0
65,Percentage,45.38,18.46,10,8.85,4.62,3.85,3.08,2.69,0.77,0.77,0.77,0.38,0.38,0,0,0,0
66,2008wess_0.txt,SDG 1,SDG 8,SDG 2,SDG 10,SDG 17,SDG 16,SDG 11,SDG 13,SDG 3,SDG 9,SDG 4,SDG 15,SDG 6,SDG 7,SDG 12,SDG 5,SDG 14
67,Count,200,188,70,64,50,48,42,38,23,15,13,7,4,3,2,0,0
68,Percentage,26.08,24.51,9.13,8.34,6.52,6.26,5.48,4.95,3,1.96,1.69,0.91,0.52,0.39,0.26,0,0
69,2009_ageing-out_0.txt,SDG 1,SDG 3,SDG 8,SDG 4,SDG 2,SDG 5,SDG 6,SDG 7,SDG 9,SDG 10,SDG 11,SDG 12,SDG 13,SDG 14,SDG 15,SDG 16,SDG 17
70,Count,22,8,6,2,0,0,0,0,0,0,0,0,0,0,0,0,0
71,Percentage,57.89,21.05,15.79,5.26,0,0,0,0,0,0,0,0,0,0,0,0,0
72,2009_cdp_mdghealth_0.txt,SDG 3,SDG 10,SDG 5,SDG 1,SDG 2,SDG 8,SDG 17,SDG 9,SDG 4,SDG 11,SDG 13,SDG 16,SDG 6,SDG 7,SDG 12,SDG 14,SDG 15
73,Count,222,32,28,18,12,11,11,5,2,2,2,2,1,0,0,0,0
74,Percentage,63.79,9.2,8.05,5.17,3.45,3.16,3.16,1.44,0.57,0.57,0.57,0.57,0.29,0,0,0,0
75,2009_cdp_policynote_0.txt,SDG 13,SDG 7,SDG 8,SDG 1,SDG 17,SDG 2,SDG 9,SDG 15,SDG 3,SDG 16,SDG 6,SDG 10,SDG 11,SDG 12,SDG 14,SDG 4,SDG 5
76,Count,92,22,15,10,10,8,8,7,6,6,3,2,1,1,1,0,0
77,Percentage,47.92,11.46,7.81,5.21,5.21,4.17,4.17,3.65,3.12,3.12,1.56,1.04,0.52,0.52,0.52,0,0
78,2009_women_in_development-out_0.txt,SDG 8,SDG 5,SDG 1,SDG 10,SDG 3,SDG 4,SDG 11,SDG 2,SDG 17,SDG 15,SDG 9,SDG 16,SDG 6,SDG 13,SDG 7,SDG 12,SDG 14
79,Count,362,281,229,149,119,33,33,21,21,15,13,8,7,7,2,0,0
80,Percentage,27.85,21.62,17.62,11.46,9.15,2.54,2.54,1.62,1.62,1.15,1,0.62,0.54,0.54,0.15,0,0
81,2009wess_0.txt,SDG 13,SDG 7,SDG 17,SDG 15,SDG 1,SDG 8,SDG 9,SDG 10,SDG 2,SDG 11,SDG 6,SDG 12,SDG 3,SDG 16,SDG 4,SDG 14,SDG 5
82,Count,701,341,150,148,106,85,81,48,47,45,43,34,33,21,14,4,0
83,Percentage,36.88,17.94,7.89,7.79,5.58,4.47,4.26,2.52,2.47,2.37,2.26,1.79,1.74,1.1,0.74,0.21,0
84,2010_YouthReport-out_0.txt,SDG 13,SDG 12,SDG 8,SDG 4,SDG 7,SDG 2,SDG 6,SDG 15,SDG 11,SDG 3,SDG 1,SDG 9,SDG 16,SDG 10,SDG 14,SDG 17,SDG 5
85,Count,501,71,53,45,32,28,24,22,21,11,10,9,9,8,3,3,0
86,Percentage,58.94,8.35,6.24,5.29,3.76,3.29,2.82,2.59,2.47,1.29,1.18,1.06,1.06,0.94,0.35,0.35,0
87,2010_cdpreport_0.txt,SDG 10,SDG 17,SDG 8,SDG 13,SDG 1,SDG 2,SDG 9,SDG 16,SDG 6,SDG 7,SDG 12,SDG 3,SDG 4,SDG 5,SDG 11,SDG 14,SDG 15
88,Count,51,44,14,14,13,9,5,5,2,1,1,0,0,0,0,0,0
89,Percentage,32.08,27.67,8.81,8.81,8.18,5.66,3.14,3.14,1.26,0.63,0.63,0,0,0,0,0,0
90,2010_parliament-out_0.txt,SDG 9,SDG 7,SDG 16,SDG 11,SDG 4,SDG 17,SDG 10,SDG 1,SDG 3,SDG 8,SDG 12,SDG 2,SDG 5,SDG 6,SDG 13,SDG 14,SDG 15
91,Count,33,12,12,9,8,8,5,2,2,2,2,0,0,0,0,0,0
92,Percentage,34.74,12.63,12.63,9.47,8.42,8.42,5.26,2.11,2.11,2.11,2.11,0,0,0,0,0,0
93,2010_post_conflict-out_0.txt,SDG 16,SDG 10,SDG 5,SDG 8,SDG 1,SDG 11,SDG 3,SDG 4,SDG 17,SDG 15,SDG 6,SDG 9,SDG 7,SDG 2,SDG 12,SDG 13,SDG 14
94,Count,142,55,27,27,18,17,15,10,7,6,5,3,2,0,0,0,0
95,Percentage,42.51,16.47,8.08,8.08,5.39,5.09,4.49,2.99,2.1,1.8,1.5,0.9,0.6,0,0,0,0
96,2010_rwss_0.txt,SDG 1,SDG 8,SDG 10,SDG 3,SDG 17,SDG 4,SDG 16,SDG 2,SDG 5,SDG 11,SDG 13,SDG 9,SDG 12,SDG 6,SDG 15,SDG 7,SDG 14
97,Count,533,282,153,58,31,27,26,22,11,8,7,6,5,3,1,0,0
98,Percentage,45.44,24.04,13.04,4.94,2.64,2.3,2.22,1.88,0.94,0.68,0.6,0.51,0.43,0.26,0.09,0,0
99,2010wess_0.txt,SDG 1,SDG 8,SDG 17,SDG 13,SDG 10,SDG 16,SDG 2,SDG 3,SDG 9,SDG 7,SDG 4,SDG 15,SDG 12,SDG 11,SDG 5,SDG 6,SDG 14
100,Count,283,169,169,151,130,33,32,31,22,19,11,11,8,6,1,1,0
101,Percentage,26.28,15.69,15.69,14.02,12.07,3.06,2.97,2.88,2.04,1.76,1.02,1.02,0.74,0.56,0.09,0.09,0
102,2011_disability_and_the_mdgs-out_0.txt,SDG 10,SDG 3,SDG 1,SDG 4,SDG 5,SDG 6,SDG 11,SDG 2,SDG 8,SDG 17,SDG 13,SDG 15,SDG 16,SDG 7,SDG 9,SDG 12,SDG 14
103,Count,40,33,28,5,4,4,3,2,2,2,1,1,1,0,0,0,0
104,Percentage,31.75,26.19,22.22,3.97,3.17,3.17,2.38,1.59,1.59,1.59,0.79,0.79,0.79,0,0,0,0
105,2011_rwss_0.txt,SDG 8,SDG 1,SDG 2,SDG 3,SDG 10,SDG 17,SDG 5,SDG 4,SDG 6,SDG 9,SDG 13,SDG 15,SDG 11,SDG 14,SDG 16,SDG 12,SDG 7
106,Count,239,165,82,51,32,15,11,8,7,4,4,3,2,2,2,1,0
107,Percentage,38.06,26.27,13.06,8.12,5.1,2.39,1.75,1.27,1.11,0.64,0.64,0.48,0.32,0.32,0.32,0.16,0
108,2011_youth_report-out_0.txt,SDG 8,SDG 4,SDG 10,SDG 1,SDG 16,SDG 3,SDG 5,SDG 9,SDG 13,SDG 7,SDG 17,SDG 2,SDG 11,SDG 15,SDG 6,SDG 12,SDG 14
109,Count,276,82,21,19,8,7,5,5,3,2,2,1,1,1,0,0,0
110,Percentage,63.74,18.94,4.85,4.39,1.85,1.62,1.15,1.15,0.69,0.46,0.46,0.23,0.23,0.23,0,0,0
111,2011wess_0.txt,SDG 7,SDG 13,SDG 9,SDG 2,SDG 17,SDG 15,SDG 8,SDG 1,SDG 11,SDG 6,SDG 12,SDG 10,SDG 4,SDG 3,SDG 16,SDG 14,SDG 5
112,Count,348,336,274,210,140,123,111,109,67,62,60,40,37,24,10,5,4
113,Percentage,17.76,17.14,13.98,10.71,7.14,6.28,5.66,5.56,3.42,3.16,3.06,2.04,1.89,1.22,0.51,0.26,0.2
114,2012_cdp_policynote_0.txt,SDG 1,SDG 10,SDG 8,SDG 17,SDG 13,SDG 2,SDG 16,SDG 5,SDG 7,SDG 3,SDG 6,SDG 4,SDG 9,SDG 15,SDG 12,SDG 11,SDG 14
115,Count,49,43,35,24,20,12,10,9,8,7,5,4,3,3,1,0,0
116,Percentage,21.03,18.45,15.02,10.3,8.58,5.15,4.29,3.86,3.43,3,2.15,1.72,1.29,1.29,0.43,0,0
117,2012wess_0.txt,SDG 3,SDG 13,SDG 10,SDG 17,SDG 15,SDG 12,SDG 7,SDG 8,SDG 9,SDG 1,SDG 16,SDG 2,SDG 6,SDG 11,SDG 14,SDG 4,SDG 5
118,Count,394,288,218,207,47,35,24,18,12,8,7,5,2,2,1,0,0
119,Percentage,31.07,22.71,17.19,16.32,3.71,2.76,1.89,1.42,0.95,0.63,0.55,0.39,0.16,0.16,0.08,0,0
120,2013_UNTT_mdg8-out_0.txt,SDG 17,SDG 10,SDG 8,SDG 3,SDG 13,SDG 1,SDG 9,SDG 16,SDG 5,SDG 2,SDG 7,SDG 11,SDG 14,SDG 15,SDG 4,SDG 6,SDG 12
121,Count,109,20,15,9,9,7,5,4,3,2,2,1,1,1,0,0,0
122,Percentage,57.98,10.64,7.98,4.79,4.79,3.72,2.66,2.13,1.6,1.06,1.06,0.53,0.53,0.53,0,0,0
123,2013_rwss_0.txt,SDG 10,SDG 8,SDG 1,SDG 3,SDG 4,SDG 2,SDG 11,SDG 16,SDG 5,SDG 6,SDG 17,SDG 13,SDG 14,SDG 7,SDG 9,SDG 12,SDG 15
124,Count,173,126,118,63,53,25,21,9,7,7,3,2,1,0,0,0,0
125,Percentage,28.45,20.72,19.41,10.36,8.72,4.11,3.45,1.48,1.15,1.15,0.49,0.33,0.16,0,0,0,0
126,2013_youth_report-out_0.txt,SDG 10,SDG 8,SDG 4,SDG 16,SDG 3,SDG 1,SDG 5,SDG 6,SDG 9,SDG 11,SDG 17,SDG 2,SDG 7,SDG 12,SDG 13,SDG 14,SDG 15
127,Count,118,43,29,29,24,12,5,2,2,2,2,0,0,0,0,0,0
128,Percentage,44.03,16.04,10.82,10.82,8.96,4.48,1.87,0.75,0.75,0.75,0.75,0,0,0,0,0,0
129,2013wess_0.txt,SDG 2,SDG 13,SDG 11,SDG 8,SDG 7,SDG 1,SDG 12,SDG 10,SDG 15,SDG 6,SDG 9,SDG 17,SDG 3,SDG 16,SDG 4,SDG 14,SDG 5
130,Count,219,147,118,116,106,88,80,75,60,37,34,29,27,12,8,7,5
131,Percentage,18.75,12.59,10.1,9.93,9.08,7.53,6.85,6.42,5.14,3.17,2.91,2.48,2.31,1.03,0.68,0.6,0.43
132,2014_Urbanization-out_0.txt,SDG 11,SDG 8,SDG 1,SDG 3,SDG 15,SDG 6,SDG 17,SDG 7,SDG 10,SDG 13,SDG 16,SDG 2,SDG 4,SDG 5,SDG 9,SDG 12,SDG 14
133,Count,70,21,5,5,3,2,2,1,1,1,1,0,0,0,0,0,0
134,Percentage,62.5,18.75,4.46,4.46,2.68,1.79,1.79,0.89,0.89,0.89,0.89,0,0,0,0,0,0
135,2014_cdp_policynote_0.txt,SDG 10,SDG 17,SDG 8,SDG 13,SDG 15,SDG 1,SDG 16,SDG 3,SDG 2,SDG 5,SDG 11,SDG 12,SDG 4,SDG 6,SDG 7,SDG 9,SDG 14
136,Count,53,43,29,18,15,13,11,5,3,3,2,2,1,1,1,1,0
137,Percentage,26.37,21.39,14.43,8.96,7.46,6.47,5.47,2.49,1.49,1.49,1,1,0.5,0.5,0.5,0.5,0
138,2014wess_overview_0.txt,SDG 10,SDG 1,SDG 8,SDG 13,SDG 17,SDG 5,SDG 3,SDG 12,SDG 14,SDG 2,SDG 15,SDG 16,SDG 4,SDG 6,SDG 7,SDG 9,SDG 11
139,Count,64,33,17,17,17,7,4,2,2,1,1,1,0,0,0,0,0
140,Percentage,38.55,19.88,10.24,10.24,10.24,4.22,2.41,1.2,1.2,0.6,0.6,0.6,0,0,0,0,0
141,2015_GSDR-out_0.txt,SDG 9,SDG 13,SDG 8,SDG 11,SDG 15,SDG 14,SDG 1,SDG 17,SDG 2,SDG 12,SDG 3,SDG 4,SDG 7,SDG 16,SDG 10,SDG 6,SDG 5
142,Count,150,149,130,126,96,93,91,69,55,51,44,44,39,38,31,27,13
143,Percentage,12.04,11.96,10.43,10.11,7.7,7.46,7.3,5.54,4.41,4.09,3.53,3.53,3.13,3.05,2.49,2.17,1.04
144,2015_World_Public_Sector_Report_0.txt,SDG 16,SDG 1,SDG 8,SDG 10,SDG 17,SDG 15,SDG 3,SDG 12,SDG 11,SDG 2,SDG 4,SDG 5,SDG 9,SDG 13,SDG 6,SDG 7,SDG 14
145,Count,106,30,26,18,15,9,7,7,5,4,4,4,4,3,2,2,1
146,Percentage,42.91,12.15,10.53,7.29,6.07,3.64,2.83,2.83,2.02,1.62,1.62,1.62,1.62,1.21,0.81,0.81,0.4
147,2015_World_Youth_Report_0.txt,SDG 8,SDG 10,SDG 16,SDG 4,SDG 1,SDG 9,SDG 3,SDG 11,SDG 2,SDG 12,SDG 5,SDG 13,SDG 15,SDG 17,SDG 6,SDG 7,SDG 14
148,Count,245,30,30,29,13,12,5,3,2,2,1,1,1,1,0,0,0
149,Percentage,65.33,8,8,7.73,3.47,3.2,1.33,0.8,0.53,0.53,0.27,0.27,0.27,0.27,0,0,0
150,2016_GSDR_0.txt,SDG 10,SDG 1,SDG 9,SDG 8,SDG 11,SDG 3,SDG 16,SDG 6,SDG 2,SDG 13,SDG 5,SDG 15,SDG 4,SDG 7,SDG 17,SDG 12,SDG 14
151,Count,125,120,77,76,68,64,62,48,46,46,34,29,27,23,21,12,4
152,Percentage,14.17,13.61,8.73,8.62,7.71,7.26,7.03,5.44,5.22,5.22,3.85,3.29,3.06,2.61,2.38,1.36,0.45
153,2016_rwss_0.txt,SDG 10,SDG 1,SDG 8,SDG 16,SDG 3,SDG 4,SDG 5,SDG 2,SDG 17,SDG 11,SDG 13,SDG 7,SDG 9,SDG 6,SDG 15,SDG 12,SDG 14
154,Count,501,259,156,69,50,50,24,14,13,12,12,8,6,3,3,1,0
155,Percentage,42.42,21.93,13.21,5.84,4.23,4.23,2.03,1.19,1.1,1.02,1.02,0.68,0.51,0.25,0.25,0.08,0
156,2016wess_0.txt,SDG 13,SDG 1,SDG 10,SDG 2,SDG 15,SDG 8,SDG 11,SDG 6,SDG 3,SDG 7,SDG 16,SDG 17,SDG 9,SDG 12,SDG 14,SDG 4,SDG 5
157,Count,514,122,65,57,53,44,30,29,22,22,17,17,5,5,3,2,2
158,Percentage,50.94,12.09,6.44,5.65,5.25,4.36,2.97,2.87,2.18,2.18,1.68,1.68,0.5,0.5,0.3,0.2,0.2
159,2017wess_0.txt,SDG 8,SDG 17,SDG 10,SDG 1,SDG 13,SDG 15,SDG 2,SDG 11,SDG 9,SDG 16,SDG 4,SDG 5,SDG 7,SDG 3,SDG 12,SDG 14,SDG 6
160,Count,276,158,106,85,62,26,20,20,17,14,9,8,8,7,7,5,1
161,Percentage,33.29,19.06,12.79,10.25,7.48,3.14,2.41,2.41,2.05,1.69,1.09,0.97,0.97,0.84,0.84,0.6,0.12
162,2018_World_Public-Sector-Report_0.txt,SDG 10,SDG 3,SDG 16,SDG 8,SDG 1,SDG 17,SDG 11,SDG 13,SDG 2,SDG 6,SDG 12,SDG 4,SDG 15,SDG 5,SDG 9,SDG 7,SDG 14
163,Count,253,143,125,82,55,49,43,38,21,21,21,17,17,13,13,12,7
164,Percentage,27.2,15.38,13.44,8.82,5.91,5.27,4.62,4.09,2.26,2.26,2.26,1.83,1.83,1.4,1.4,1.29,0.75
165,2018_World_Youth_Report_0.txt,SDG 8,SDG 4,SDG 10,SDG 1,SDG 17,SDG 5,SDG 3,SDG 16,SDG 13,SDG 11,SDG 12,SDG 9,SDG 14,SDG 15,SDG 2,SDG 6,SDG 7
166,Count,361,150,58,52,47,38,37,20,19,10,10,9,3,2,1,1,0
167,Percentage,44.13,18.34,7.09,6.36,5.75,4.65,4.52,2.44,2.32,1.22,1.22,1.1,0.37,0.24,0.12,0.12,0
168,2018_rwss_0.txt,SDG 1,SDG 10,SDG 8,SDG 3,SDG 4,SDG 16,SDG 5,SDG 2,SDG 17,SDG 11,SDG 13,SDG 6,SDG 9,SDG 7,SDG 12,SDG 14,SDG 15
169,Count,937,253,170,97,47,43,12,11,10,9,3,2,1,0,0,0,0
170,Percentage,58.75,15.86,10.66,6.08,2.95,2.7,0.75,0.69,0.63,0.56,0.19,0.13,0.06,0,0,0,0
171,2018wess_0.txt,SDG 7,SDG 8,SDG 9,SDG 3,SDG 10,SDG 1,SDG 13,SDG 17,SDG 4,SDG 2,SDG 16,SDG 6,SDG 14,SDG 15,SDG 11,SDG 12,SDG 5
172,Count,156,129,83,71,68,58,47,47,32,23,19,16,8,8,6,4,2
173,Percentage,20.08,16.6,10.68,9.14,8.75,7.46,6.05,6.05,4.12,2.96,2.45,2.06,1.03,1.03,0.77,0.51,0.26
174,CDP_PN_2004_poverty_reduction_0.txt,SDG 16,SDG 1,SDG 8,SDG 17,SDG 10,SDG 7,SDG 2,SDG 3,SDG 9,SDG 13,SDG 4,SDG 5,SDG 6,SDG 11,SDG 12,SDG 14,SDG 15
175,Count,174,85,54,40,24,11,5,5,3,3,1,1,1,1,0,0,0
176,Percentage,42.65,20.83,13.24,9.8,5.88,2.7,1.23,1.23,0.74,0.74,0.25,0.25,0.25,0.25,0,0,0
177,CDP_PN_2005_sub-saharan_africa_0.txt,SDG 10,SDG 1,SDG 8,SDG 3,SDG 16,SDG 17,SDG 2,SDG 4,SDG 5,SDG 6,SDG 15,SDG 11,SDG 7,SDG 9,SDG 12,SDG 13,SDG 14
178,Count,51,47,47,37,30,22,12,4,4,2,2,1,0,0,0,0,0
179,Percentage,19.69,18.15,18.15,14.29,11.58,8.49,4.63,1.54,1.54,0.77,0.77,0.39,0,0,0,0,0
180,CDP_PN_2006_economic_vulnerability_0.txt,SDG 8,SDG 1,SDG 17,SDG 10,SDG 3,SDG 4,SDG 16,SDG 13,SDG 2,SDG 15,SDG 9,SDG 5,SDG 6,SDG 7,SDG 11,SDG 12,SDG 14
181,Count,76,27,25,19,12,12,12,6,5,5,3,0,0,0,0,0,0
182,Percentage,37.62,13.37,12.38,9.41,5.94,5.94,5.94,2.97,2.48,2.48,1.49,0,0,0,0,0,0
183,CDP_PN_2007_Climate_change_0.txt,SDG 13,SDG 7,SDG 8,SDG 17,SDG 10,SDG 1,SDG 11,SDG 15,SDG 3,SDG 9,SDG 12,SDG 2,SDG 4,SDG 5,SDG 6,SDG 14,SDG 16
184,Count,92,27,12,7,4,2,2,2,1,1,1,0,0,0,0,0,0
185,Percentage,60.93,17.88,7.95,4.64,2.65,1.32,1.32,1.32,0.66,0.66,0.66,0,0,0,0,0,0
186,CDP_PN_2007_Partnerhips_0.txt,SDG 1,SDG 17,SDG 8,SDG 10,SDG 2,SDG 16,SDG 3,SDG 4,SDG 12,SDG 5,SDG 6,SDG 7,SDG 9,SDG 11,SDG 13,SDG 14,SDG 15
187,Count,70,34,17,16,4,3,2,1,1,0,0,0,0,0,0,0,0
188,Percentage,47.3,22.97,11.49,10.81,2.7,2.03,1.35,0.68,0.68,0,0,0,0,0,0,0,0
189,CDP_PN_2017_productive_capacity_0.txt,SDG 8,SDG 10,SDG 17,SDG 2,SDG 1,SDG 16,SDG 3,SDG 4,SDG 9,SDG 5,SDG 7,SDG 15,SDG 11,SDG 13,SDG 6,SDG 14,SDG 12
190,Count,47,35,26,24,20,18,7,5,5,4,4,4,3,2,1,1,0
191,Percentage,22.82,16.99,12.62,11.65,9.71,8.74,3.4,2.43,2.43,1.94,1.94,1.94,1.46,0.97,0.49,0.49,0
192,PN_FinancialPolicyNote_0.txt,SDG 8,SDG 10,SDG 1,SDG 17,SDG 16,SDG 2,SDG 9,SDG 5,SDG 3,SDG 4,SDG 6,SDG 7,SDG 11,SDG 12,SDG 13,SDG 14,SDG 15
193,Count,28,12,9,7,6,2,2,1,0,0,0,0,0,0,0,0,0
194,Percentage,41.79,17.91,13.43,10.45,8.96,2.99,2.99,1.49,0,0,0,0,0,0,0,0,0
195,PN_InvestmentTechnologyPolicyNote_0.txt,SDG 16,SDG 1,SDG 9,SDG 8,SDG 17,SDG 4,SDG 2,SDG 10,SDG 3,SDG 5,SDG 6,SDG 7,SDG 11,SDG 12,SDG 13,SDG 14,SDG 15
196,Count,61,23,23,18,12,6,3,1,0,0,0,0,0,0,0,0,0
197,Percentage,41.5,15.65,15.65,12.24,8.16,4.08,2.04,0.68,0,0,0,0,0,0,0,0,0
198,PN_MacroBackgroundNote_0.txt,SDG 17,SDG 8,SDG 1,SDG 10,SDG 3,SDG 16,SDG 2,SDG 9,SDG 11,SDG 4,SDG 5,SDG 6,SDG 7,SDG 12,SDG 13,SDG 14,SDG 15
199,Count,40,36,19,17,4,3,1,1,1,0,0,0,0,0,0,0,0
200,Percentage,32.79,29.51,15.57,13.93,3.28,2.46,0.82,0.82,0.82,0,0,0,0,0,0,0,0
201,PN_MacroGrowthPolicyNote_0.txt,SDG 8,SDG 17,SDG 1,SDG 10,SDG 12,SDG 16,SDG 2,SDG 3,SDG 4,SDG 5,SDG 6,SDG 7,SDG 9,SDG 11,SDG 13,SDG 14,SDG 15
202,Count,93,26,12,2,1,1,0,0,0,0,0,0,0,0,0,0,0
203,Percentage,68.89,19.26,8.89,1.48,0.74,0.74,0,0,0,0,0,0,0,0,0,0,0
204,PN_SOEReformNote_0.txt,SDG 1,SDG 8,SDG 16,SDG 15,SDG 9,SDG 17,SDG 3,SDG 11,SDG 2,SDG 4,SDG 10,SDG 5,SDG 6,SDG 7,SDG 12,SDG 13,SDG 14
205,Count,43,31,29,12,9,4,3,2,1,1,1,0,0,0,0,0,0
206,Percentage,31.62,22.79,21.32,8.82,6.62,2.94,2.21,1.47,0.74,0.74,0.74,0,0,0,0,0,0
207,PN_SocialPolicyNote_0.txt,SDG 1,SDG 8,SDG 3,SDG 10,SDG 4,SDG 2,SDG 16,SDG 5,SDG 11,SDG 17,SDG 6,SDG 7,SDG 9,SDG 12,SDG 13,SDG 14,SDG 15
208,Count,153,129,66,64,32,14,14,9,6,3,2,2,2,1,0,0,0
209,Percentage,30.78,25.96,13.28,12.88,6.44,2.82,2.82,1.81,1.21,0.6,0.4,0.4,0.4,0.2,0,0,0
210,PN_TradePolicyNote_0.txt,SDG 2,SDG 17,SDG 3,SDG 1,SDG 8,SDG 6,SDG 14,SDG 7,SDG 16,SDG 11,SDG 10,SDG 4,SDG 9,SDG 15,SDG 5,SDG 12,SDG 13
211,Count,63,61,46,36,29,13,11,10,8,7,6,5,5,4,3,3,0
212,Percentage,20.32,19.68,14.84,11.61,9.35,4.19,3.55,3.23,2.58,2.26,1.94,1.61,1.61,1.29,0.97,0.97,0
213,UNTT_MonitoringReport_WEB-out_0.txt,SDG 16,SDG 3,SDG 17,SDG 8,SDG 1,SDG 10,SDG 5,SDG 15,SDG 2,SDG 13,SDG 7,SDG 12,SDG 4,SDG 6,SDG 14,SDG 9,SDG 11
214,Count,48,36,25,23,22,19,17,12,7,7,5,5,4,2,2,0,0
215,Percentage,20.51,15.38,10.68,9.83,9.4,8.12,7.26,5.13,2.99,2.99,2.14,2.14,1.71,0.85,0.85,0,0
216,policybrief10_0.txt,SDG 8,SDG 1,SDG 4,SDG 2,SDG 3,SDG 5,SDG 6,SDG 7,SDG 9,SDG 10,SDG 11,SDG 12,SDG 13,SDG 14,SDG 15,SDG 16,SDG 17
217,Count,30,10,1,0,0,0,0,0,0,0,0,0,0,0,0,0,0
218,Percentage,73.17,24.39,2.44,0,0,0,0,0,0,0,0,0,0,0,0,0,0
219,policybrief11_0.txt,SDG 8,SDG 7,SDG 13,SDG 2,SDG 9,SDG 17,SDG 1,SDG 3,SDG 4,SDG 5,SDG 6,SDG 10,SDG 11,SDG 12,SDG 14,SDG 15,SDG 16
220,Count,4,2,2,1,1,1,0,0,0,0,0,0,0,0,0,0,0
221,Percentage,36.36,18.18,18.18,9.09,9.09,9.09,0,0,0,0,0,0,0,0,0,0,0
222,policybrief12_0.txt,SDG 8,SDG 2,SDG 7,SDG 17,SDG 1,SDG 13,SDG 11,SDG 9,SDG 15,SDG 6,SDG 10,SDG 3,SDG 4,SDG 12,SDG 5,SDG 14,SDG 16
223,Count,12,11,11,9,7,6,5,4,4,3,2,1,1,1,0,0,0
224,Percentage,15.58,14.29,14.29,11.69,9.09,7.79,6.49,5.19,5.19,3.9,2.6,1.3,1.3,1.3,0,0,0
225,policybrief13_0.txt,SDG 10,SDG 17,SDG 1,SDG 8,SDG 2,SDG 3,SDG 4,SDG 5,SDG 6,SDG 7,SDG 9,SDG 11,SDG 12,SDG 13,SDG 14,SDG 15,SDG 16
226,Count,10,9,3,3,0,0,0,0,0,0,0,0,0,0,0,0,0
227,Percentage,40,36,12,12,0,0,0,0,0,0,0,0,0,0,0,0,0
228,policybrief14_0.txt,SDG 8,SDG 1,SDG 4,SDG 9,SDG 10,SDG 2,SDG 3,SDG 5,SDG 6,SDG 7,SDG 11,SDG 12,SDG 13,SDG 14,SDG 15,SDG 16,SDG 17
229,Count,7,2,2,1,1,0,0,0,0,0,0,0,0,0,0,0,0
230,Percentage,53.85,15.38,15.38,7.69,7.69,0,0,0,0,0,0,0,0,0,0,0,0
231,policybrief15_0.txt,SDG 15,SDG 13,SDG 17,SDG 1,SDG 2,SDG 3,SDG 4,SDG 5,SDG 6,SDG 7,SDG 8,SDG 9,SDG 10,SDG 11,SDG 12,SDG 14,SDG 16
232,Count,82,31,2,0,0,0,0,0,0,0,0,0,0,0,0,0,0
233,Percentage,71.3,26.96,1.74,0,0,0,0,0,0,0,0,0,0,0,0,0,0
234,policybrief16_0.txt,SDG 15,SDG 13,SDG 1,SDG 2,SDG 17,SDG 16,SDG 3,SDG 4,SDG 5,SDG 6,SDG 7,SDG 8,SDG 9,SDG 10,SDG 11,SDG 12,SDG 14
235,Count,116,53,2,2,2,1,0,0,0,0,0,0,0,0,0,0,0
236,Percentage,65.91,30.11,1.14,1.14,1.14,0.57,0,0,0,0,0,0,0,0,0,0,0
237,policybrief17_0.txt,SDG 13,SDG 1,SDG 7,SDG 2,SDG 8,SDG 9,SDG 3,SDG 4,SDG 5,SDG 6,SDG 10,SDG 11,SDG 12,SDG 14,SDG 15,SDG 16,SDG 17
238,Count,17,2,2,1,1,1,0,0,0,0,0,0,0,0,0,0,0
239,Percentage,70.83,8.33,8.33,4.17,4.17,4.17,0,0,0,0,0,0,0,0,0,0,0
240,policybrief18_0.txt,SDG 7,SDG 17,SDG 13,SDG 8,SDG 15,SDG 9,SDG 1,SDG 2,SDG 3,SDG 4,SDG 5,SDG 6,SDG 10,SDG 11,SDG 12,SDG 14,SDG 16
241,Count,10,7,6,4,3,2,1,0,0,0,0,0,0,0,0,0,0
242,Percentage,30.3,21.21,18.18,12.12,9.09,6.06,3.03,0,0,0,0,0,0,0,0,0,0
243,policybrief19_0.txt,SDG 13,SDG 1,SDG 17,SDG 7,SDG 2,SDG 9,SDG 10,SDG 3,SDG 15,SDG 4,SDG 5,SDG 6,SDG 8,SDG 11,SDG 12,SDG 14,SDG 16
244,Count,8,5,4,3,2,2,2,1,1,0,0,0,0,0,0,0,0
245,Percentage,28.57,17.86,14.29,10.71,7.14,7.14,7.14,3.57,3.57,0,0,0,0,0,0,0,0
246,policybrief1_0.txt,SDG 8,SDG 17,SDG 1,SDG 2,SDG 3,SDG 4,SDG 5,SDG 6,SDG 7,SDG 9,SDG 10,SDG 11,SDG 12,SDG 13,SDG 14,SDG 15,SDG 16
247,Count,4,1,0,0,0,0,0,0,0,0,0,0,0,0,0,0,0
248,Percentage,80,20,0,0,0,0,0,0,0,0,0,0,0,0,0,0,0
249,policybrief20_0.txt,SDG 6,SDG 13,SDG 2,SDG 1,SDG 7,SDG 9,SDG 15,SDG 16,SDG 3,SDG 4,SDG 5,SDG 8,SDG 10,SDG 11,SDG 12,SDG 14,SDG 17
250,Count,12,8,3,2,1,1,1,1,0,0,0,0,0,0,0,0,0
251,Percentage,41.38,27.59,10.34,6.9,3.45,3.45,3.45,3.45,0,0,0,0,0,0,0,0,0
252,policybrief21_0.txt,SDG 13,SDG 17,SDG 7,SDG 8,SDG 1,SDG 10,SDG 2,SDG 3,SDG 4,SDG 5,SDG 6,SDG 9,SDG 11,SDG 12,SDG 14,SDG 15,SDG 16
253,Count,13,3,2,2,1,1,0,0,0,0,0,0,0,0,0,0,0
254,Percentage,59.09,13.64,9.09,9.09,4.55,4.55,0,0,0,0,0,0,0,0,0,0,0
255,policybrief22_0.txt,SDG 13,SDG 17,SDG 10,SDG 7,SDG 9,SDG 12,SDG 15,SDG 16,SDG 1,SDG 2,SDG 3,SDG 4,SDG 5,SDG 6,SDG 8,SDG 11,SDG 14
256,Count,14,8,6,2,2,2,1,1,0,0,0,0,0,0,0,0,0
257,Percentage,38.89,22.22,16.67,5.56,5.56,5.56,2.78,2.78,0,0,0,0,0,0,0,0,0
258,policybrief23_0.txt,SDG 7,SDG 9,SDG 13,SDG 17,SDG 1,SDG 2,SDG 3,SDG 4,SDG 5,SDG 6,SDG 8,SDG 10,SDG 11,SDG 12,SDG 14,SDG 15,SDG 16
259,Count,25,5,3,1,0,0,0,0,0,0,0,0,0,0,0,0,0
260,Percentage,73.53,14.71,8.82,2.94,0,0,0,0,0,0,0,0,0,0,0,0,0
261,policybrief24_0.txt,SDG 7,SDG 13,SDG 4,SDG 8,SDG 9,SDG 16,SDG 17,SDG 1,SDG 2,SDG 3,SDG 5,SDG 6,SDG 10,SDG 11,SDG 12,SDG 14,SDG 15
262,Count,24,8,1,1,1,1,1,0,0,0,0,0,0,0,0,0,0
263,Percentage,64.86,21.62,2.7,2.7,2.7,2.7,2.7,0,0,0,0,0,0,0,0,0,0
264,policybrief25_0.txt,SDG 13,SDG 11,SDG 1,SDG 2,SDG 6,SDG 8,SDG 3,SDG 4,SDG 5,SDG 7,SDG 9,SDG 10,SDG 12,SDG 14,SDG 15,SDG 16,SDG 17
265,Count,16,12,3,3,2,1,0,0,0,0,0,0,0,0,0,0,0
266,Percentage,43.24,32.43,8.11,8.11,5.41,2.7,0,0,0,0,0,0,0,0,0,0,0
267,policybrief26_0.txt,SDG 14,SDG 13,SDG 1,SDG 2,SDG 9,SDG 15,SDG 3,SDG 4,SDG 5,SDG 6,SDG 7,SDG 8,SDG 10,SDG 11,SDG 12,SDG 16,SDG 17
268,Count,51,13,1,1,1,1,0,0,0,0,0,0,0,0,0,0,0
269,Percentage,75,19.12,1.47,1.47,1.47,1.47,0,0,0,0,0,0,0,0,0,0,0
270,policybrief27_0.txt,SDG 1,SDG 2,SDG 3,SDG 4,SDG 5,SDG 6,SDG 7,SDG 8,SDG 9,SDG 10,SDG 11,SDG 12,SDG 13,SDG 14,SDG 15,SDG 16,SDG 17
271,Count,0,0,0,0,0,0,0,0,0,0,0,0,0,0,0,0,0
272,Percentage,0,,,,,,,,,,,,,,,,
273,policybrief28_0.txt,SDG 11,SDG 1,SDG 2,SDG 6,SDG 15,SDG 7,SDG 8,SDG 16,SDG 3,SDG 4,SDG 5,SDG 9,SDG 10,SDG 12,SDG 13,SDG 14,SDG 17
274,Count,4,3,3,3,3,1,1,1,0,0,0,0,0,0,0,0,0
275,Percentage,21.05,15.79,15.79,15.79,15.79,5.26,5.26,5.26,0,0,0,0,0,0,0,0,0
276,policybrief29_0.txt,SDG 8,SDG 1,SDG 17,SDG 2,SDG 3,SDG 4,SDG 5,SDG 6,SDG 7,SDG 9,SDG 10,SDG 11,SDG 12,SDG 13,SDG 14,SDG 15,SDG 16
277,Count,4,2,1,0,0,0,0,0,0,0,0,0,0,0,0,0,0
278,Percentage,57.14,28.57,14.29,0,0,0,0,0,0,0,0,0,0,0,0,0,0
279,policybrief2_0.txt,SDG 3,SDG 2,SDG 1,SDG 4,SDG 5,SDG 6,SDG 7,SDG 8,SDG 9,SDG 10,SDG 11,SDG 12,SDG 13,SDG 14,SDG 15,SDG 16,SDG 17
280,Count,12,1,0,0,0,0,0,0,0,0,0,0,0,0,0,0,0
281,Percentage,92.31,7.69,0,0,0,0,0,0,0,0,0,0,0,0,0,0,0
282,policybrief30_0.txt,SDG 8,SDG 10,SDG 1,SDG 2,SDG 3,SDG 4,SDG 5,SDG 6,SDG 7,SDG 9,SDG 11,SDG 12,SDG 13,SDG 14,SDG 15,SDG 16,SDG 17
283,Count,3,1,0,0,0,0,0,0,0,0,0,0,0,0,0,0,0
284,Percentage,75,25,0,0,0,0,0,0,0,0,0,0,0,0,0,0,0
285,policybrief31_0.txt,SDG 8,SDG 7,SDG 11,SDG 13,SDG 1,SDG 2,SDG 3,SDG 4,SDG 5,SDG 6,SDG 9,SDG 10,SDG 12,SDG 14,SDG 15,SDG 16,SDG 17
286,Count,9,2,2,2,0,0,0,0,0,0,0,0,0,0,0,0,0
287,Percentage,60,13.33,13.33,13.33,0,0,0,0,0,0,0,0,0,0,0,0,0
288,policybrief32_0.txt,SDG 8,SDG 17,SDG 13,SDG 11,SDG 1,SDG 7,SDG 2,SDG 3,SDG 4,SDG 5,SDG 6,SDG 9,SDG 10,SDG 12,SDG 14,SDG 15,SDG 16
289,Count,6,5,3,2,1,1,0,0,0,0,0,0,0,0,0,0,0
290,Percentage,33.33,27.78,16.67,11.11,5.56,5.56,0,0,0,0,0,0,0,0,0,0,0
291,policybrief33_0.txt,SDG 7,SDG 13,SDG 1,SDG 2,SDG 3,SDG 4,SDG 5,SDG 6,SDG 8,SDG 9,SDG 10,SDG 11,SDG 12,SDG 14,SDG 15,SDG 16,SDG 17
292,Count,24,3,0,0,0,0,0,0,0,0,0,0,0,0,0,0,0
293,Percentage,88.89,11.11,0,0,0,0,0,0,0,0,0,0,0,0,0,0,0
294,policybrief34_0.txt,SDG 13,SDG 17,SDG 2,SDG 7,SDG 9,SDG 8,SDG 1,SDG 15,SDG 3,SDG 4,SDG 5,SDG 6,SDG 10,SDG 11,SDG 12,SDG 14,SDG 16
295,Count,12,5,3,3,3,2,1,1,0,0,0,0,0,0,0,0,0
296,Percentage,40,16.67,10,10,10,6.67,3.33,3.33,0,0,0,0,0,0,0,0,0
297,policybrief35_0.txt,SDG 2,SDG 9,SDG 13,SDG 6,SDG 1,SDG 15,SDG 4,SDG 8,SDG 10,SDG 12,SDG 17,SDG 3,SDG 5,SDG 7,SDG 11,SDG 14,SDG 16
298,Count,22,7,5,3,2,2,1,1,1,1,1,0,0,0,0,0,0
299,Percentage,47.83,15.22,10.87,6.52,4.35,4.35,2.17,2.17,2.17,2.17,2.17,0,0,0,0,0,0
300,policybrief36_0.txt,SDG 8,SDG 7,SDG 1,SDG 13,SDG 2,SDG 3,SDG 4,SDG 5,SDG 6,SDG 9,SDG 10,SDG 11,SDG 12,SDG 14,SDG 15,SDG 16,SDG 17
301,Count,15,2,1,1,0,0,0,0,0,0,0,0,0,0,0,0,0
302,Percentage,78.95,10.53,5.26,5.26,0,0,0,0,0,0,0,0,0,0,0,0,0
303,policybrief37_0.txt,SDG 3,SDG 10,SDG 8,SDG 2,SDG 4,SDG 6,SDG 17,SDG 1,SDG 5,SDG 7,SDG 9,SDG 11,SDG 12,SDG 13,SDG 14,SDG 15,SDG 16
304,Count,43,3,2,1,1,1,1,0,0,0,0,0,0,0,0,0,0
305,Percentage,82.69,5.77,3.85,1.92,1.92,1.92,1.92,0,0,0,0,0,0,0,0,0,0
306,policybrief38_0.txt,SDG 10,SDG 17,SDG 13,SDG 8,SDG 1,SDG 2,SDG 3,SDG 4,SDG 5,SDG 6,SDG 7,SDG 9,SDG 11,SDG 12,SDG 14,SDG 15,SDG 16
307,Count,12,11,3,1,0,0,0,0,0,0,0,0,0,0,0,0,0
308,Percentage,44.44,40.74,11.11,3.7,0,0,0,0,0,0,0,0,0,0,0,0,0
309,policybrief39_0.txt,SDG 13,SDG 10,SDG 17,SDG 1,SDG 2,SDG 3,SDG 4,SDG 5,SDG 6,SDG 7,SDG 8,SDG 9,SDG 11,SDG 12,SDG 14,SDG 15,SDG 16
310,Count,5,2,2,0,0,0,0,0,0,0,0,0,0,0,0,0,0
311,Percentage,55.56,22.22,22.22,0,0,0,0,0,0,0,0,0,0,0,0,0,0
312,policybrief3_0.txt,SDG 1,SDG 3,SDG 2,SDG 4,SDG 5,SDG 6,SDG 7,SDG 8,SDG 9,SDG 10,SDG 11,SDG 12,SDG 13,SDG 14,SDG 15,SDG 16,SDG 17
313,Count,7,2,1,0,0,0,0,0,0,0,0,0,0,0,0,0,0
314,Percentage,70,20,10,0,0,0,0,0,0,0,0,0,0,0,0,0,0
315,policybrief40_0.txt,SDG 11,SDG 7,SDG 8,SDG 12,SDG 6,SDG 1,SDG 9,SDG 10,SDG 13,SDG 3,SDG 15,SDG 2,SDG 4,SDG 5,SDG 14,SDG 16,SDG 17
316,Count,12,9,9,9,7,2,2,2,2,1,1,0,0,0,0,0,0
317,Percentage,21.43,16.07,16.07,16.07,12.5,3.57,3.57,3.57,3.57,1.79,1.79,0,0,0,0,0,0
318,policybrief41_0.txt,SDG 2,SDG 9,SDG 8,SDG 1,SDG 6,SDG 12,SDG 13,SDG 3,SDG 4,SDG 5,SDG 7,SDG 10,SDG 11,SDG 14,SDG 15,SDG 16,SDG 17
319,Count,25,22,3,2,1,1,1,0,0,0,0,0,0,0,0,0,0
320,Percentage,45.45,40,5.45,3.64,1.82,1.82,1.82,0,0,0,0,0,0,0,0,0,0
321,policybrief42_0.txt,SDG 8,SDG 1,SDG 3,SDG 6,SDG 7,SDG 15,SDG 17,SDG 2,SDG 4,SDG 5,SDG 9,SDG 10,SDG 11,SDG 12,SDG 13,SDG 14,SDG 16
322,Count,17,2,2,1,1,1,1,0,0,0,0,0,0,0,0,0,0
323,Percentage,68,8,8,4,4,4,4,0,0,0,0,0,0,0,0,0,0
324,policybrief43_0.txt,SDG 7,SDG 8,SDG 9,SDG 10,SDG 17,SDG 1,SDG 2,SDG 3,SDG 4,SDG 5,SDG 6,SDG 11,SDG 12,SDG 13,SDG 14,SDG 15,SDG 16
325,Count,10,5,3,1,1,0,0,0,0,0,0,0,0,0,0,0,0
326,Percentage,50,25,15,5,5,0,0,0,0,0,0,0,0,0,0,0,0
327,policybrief4_0.txt,SDG 17,SDG 8,SDG 16,SDG 1,SDG 2,SDG 3,SDG 4,SDG 5,SDG 6,SDG 7,SDG 9,SDG 10,SDG 11,SDG 12,SDG 13,SDG 14,SDG 15
328,Count,2,1,1,0,0,0,0,0,0,0,0,0,0,0,0,0,0
329,Percentage,50,25,25,0,0,0,0,0,0,0,0,0,0,0,0,0,0
330,policybrief5_0.txt,SDG 8,SDG 17,SDG 1,SDG 2,SDG 3,SDG 4,SDG 5,SDG 6,SDG 7,SDG 9,SDG 10,SDG 11,SDG 12,SDG 13,SDG 14,SDG 15,SDG 16
331,Count,2,2,0,0,0,0,0,0,0,0,0,0,0,0,0,0,0
332,Percentage,50,50,0,0,0,0,0,0,0,0,0,0,0,0,0,0,0
333,policybrief6_0.txt,SDG 11,SDG 1,SDG 13,SDG 8,SDG 9,SDG 2,SDG 3,SDG 4,SDG 5,SDG 6,SDG 7,SDG 10,SDG 12,SDG 14,SDG 15,SDG 16,SDG 17
334,Count,8,7,7,1,1,0,0,0,0,0,0,0,0,0,0,0,0
335,Percentage,33.33,29.17,29.17,4.17,4.17,0,0,0,0,0,0,0,0,0,0,0,0
336,policybrief7_0.txt,SDG 8,SDG 16,SDG 17,SDG 1,SDG 2,SDG 3,SDG 4,SDG 5,SDG 6,SDG 7,SDG 9,SDG 10,SDG 11,SDG 12,SDG 13,SDG 14,SDG 15
337,Count,2,2,1,0,0,0,0,0,0,0,0,0,0,0,0,0,0
338,Percentage,40,40,20,0,0,0,0,0,0,0,0,0,0,0,0,0,0
339,policybrief8_0.txt,SDG 2,SDG 10,SDG 1,SDG 17,SDG 9,SDG 6,SDG 15,SDG 3,SDG 4,SDG 5,SDG 7,SDG 8,SDG 11,SDG 12,SDG 13,SDG 14,SDG 16
340,Count,15,6,5,5,2,1,1,0,0,0,0,0,0,0,0,0,0
341,Percentage,42.86,17.14,14.29,14.29,5.71,2.86,2.86,0,0,0,0,0,0,0,0,0,0
342,policybrief9_0.txt,SDG 1,SDG 8,SDG 17,SDG 7,SDG 2,SDG 3,SDG 4,SDG 5,SDG 6,SDG 9,SDG 10,SDG 11,SDG 12,SDG 13,SDG 14,SDG 15,SDG 16
343,Count,2,2,2,1,0,0,0,0,0,0,0,0,0,0,0,0,0
344,Percentage,28.57,28.57,28.57,14.29,0,0,0,0,0,0,0,0,0,0,0,0,0
345,wp10_2005_0.txt,SDG 8,SDG 17,SDG 1,SDG 2,SDG 3,SDG 4,SDG 5,SDG 6,SDG 7,SDG 9,SDG 10,SDG 11,SDG 12,SDG 13,SDG 14,SDG 15,SDG 16
346,Count,21,3,1,0,0,0,0,0,0,0,0,0,0,0,0,0,0
347,Percentage,84,12,4,0,0,0,0,0,0,0,0,0,0,0,0,0,0
348,wp11_2006_0.txt,SDG 1,SDG 16,SDG 9,SDG 2,SDG 8,SDG 10,SDG 15,SDG 3,SDG 4,SDG 5,SDG 6,SDG 7,SDG 11,SDG 12,SDG 13,SDG 14,SDG 17
349,Count,21,13,5,4,4,2,1,0,0,0,0,0,0,0,0,0,0
350,Percentage,42,26,10,8,8,4,2,0,0,0,0,0,0,0,0,0,0
351,wp12_2006_0.txt,SDG 8,SDG 10,SDG 17,SDG 1,SDG 16,SDG 2,SDG 3,SDG 4,SDG 5,SDG 6,SDG 7,SDG 9,SDG 11,SDG 12,SDG 13,SDG 14,SDG 15
352,Count,8,8,7,3,2,1,0,0,0,0,0,0,0,0,0,0,0
353,Percentage,27.59,27.59,24.14,10.34,6.9,3.45,0,0,0,0,0,0,0,0,0,0,0
354,wp13_2006_0.txt,SDG 1,SDG 3,SDG 4,SDG 6,SDG 8,SDG 2,SDG 5,SDG 7,SDG 9,SDG 10,SDG 11,SDG 12,SDG 13,SDG 14,SDG 15,SDG 16,SDG 17
355,Count,43,17,2,2,1,0,0,0,0,0,0,0,0,0,0,0,0
356,Percentage,66.15,26.15,3.08,3.08,1.54,0,0,0,0,0,0,0,0,0,0,0,0
357,wp14_2006_0.txt,SDG 8,SDG 9,SDG 16,SDG 3,SDG 10,SDG 11,SDG 17,SDG 1,SDG 2,SDG 15,SDG 4,SDG 5,SDG 6,SDG 7,SDG 12,SDG 13,SDG 14
358,Count,43,5,4,3,3,3,3,2,2,1,0,0,0,0,0,0,0
359,Percentage,62.32,7.25,5.8,4.35,4.35,4.35,4.35,2.9,2.9,1.45,0,0,0,0,0,0,0
360,wp15_2006_0.txt,SDG 4,SDG 1,SDG 6,SDG 3,SDG 8,SDG 16,SDG 17,SDG 10,SDG 2,SDG 9,SDG 11,SDG 5,SDG 7,SDG 12,SDG 13,SDG 14,SDG 15
361,Count,29,27,20,13,12,11,10,4,2,1,1,0,0,0,0,0,0
362,Percentage,22.31,20.77,15.38,10,9.23,8.46,7.69,3.08,1.54,0.77,0.77,0,0,0,0,0,0
363,wp16_2006_0.txt,SDG 8,SDG 16,SDG 17,SDG 9,SDG 10,SDG 1,SDG 2,SDG 3,SDG 4,SDG 5,SDG 6,SDG 7,SDG 11,SDG 12,SDG 13,SDG 14,SDG 15
364,Count,48,5,4,2,2,0,0,0,0,0,0,0,0,0,0,0,0
365,Percentage,78.69,8.2,6.56,3.28,3.28,0,0,0,0,0,0,0,0,0,0,0,0
366,wp17_2006_0.txt,SDG 8,SDG 1,SDG 3,SDG 10,SDG 4,SDG 17,SDG 16,SDG 2,SDG 5,SDG 9,SDG 6,SDG 7,SDG 11,SDG 12,SDG 13,SDG 14,SDG 15
367,Count,58,28,18,8,6,5,4,2,1,1,0,0,0,0,0,0,0
368,Percentage,44.27,21.37,13.74,6.11,4.58,3.82,3.05,1.53,0.76,0.76,0,0,0,0,0,0,0
369,wp18_2006_0.txt,SDG 10,SDG 8,SDG 4,SDG 5,SDG 11,SDG 12,SDG 17,SDG 1,SDG 2,SDG 3,SDG 6,SDG 7,SDG 9,SDG 13,SDG 14,SDG 15,SDG 16
370,Count,18,13,4,1,1,1,1,0,0,0,0,0,0,0,0,0,0
371,Percentage,46.15,33.33,10.26,2.56,2.56,2.56,2.56,0,0,0,0,0,0,0,0,0,0
372,wp19_2006_0.txt,SDG 8,SDG 16,SDG 1,SDG 2,SDG 3,SDG 4,SDG 5,SDG 6,SDG 7,SDG 9,SDG 10,SDG 11,SDG 12,SDG 13,SDG 14,SDG 15,SDG 17
373,Count,15,1,0,0,0,0,0,0,0,0,0,0,0,0,0,0,0
374,Percentage,93.75,6.25,0,0,0,0,0,0,0,0,0,0,0,0,0,0,0
375,wp1_2005_0.txt,SDG 8,SDG 17,SDG 1,SDG 10,SDG 16,SDG 2,SDG 3,SDG 4,SDG 5,SDG 6,SDG 7,SDG 9,SDG 11,SDG 12,SDG 13,SDG 14,SDG 15
376,Count,20,16,5,4,2,0,0,0,0,0,0,0,0,0,0,0,0
377,Percentage,42.55,34.04,10.64,8.51,4.26,0,0,0,0,0,0,0,0,0,0,0,0
378,wp20_2006_0.txt,SDG 1,SDG 8,SDG 13,SDG 10,SDG 15,SDG 3,SDG 2,SDG 6,SDG 7,SDG 9,SDG 16,SDG 4,SDG 5,SDG 11,SDG 12,SDG 14,SDG 17
379,Count,69,37,8,4,4,3,2,1,1,1,1,0,0,0,0,0,0
380,Percentage,52.67,28.24,6.11,3.05,3.05,2.29,1.53,0.76,0.76,0.76,0.76,0,0,0,0,0,0
381,wp21_2006_0.txt,SDG 8,SDG 16,SDG 17,SDG 1,SDG 2,SDG 3,SDG 4,SDG 5,SDG 6,SDG 7,SDG 9,SDG 10,SDG 11,SDG 12,SDG 13,SDG 14,SDG 15
382,Count,9,2,2,1,0,0,0,0,0,0,0,0,0,0,0,0,0
383,Percentage,64.29,14.29,14.29,7.14,0,0,0,0,0,0,0,0,0,0,0,0,0
384,wp22_2006_0.txt,SDG 1,SDG 8,SDG 4,SDG 3,SDG 10,SDG 6,SDG 16,SDG 11,SDG 5,SDG 7,SDG 9,SDG 2,SDG 12,SDG 13,SDG 14,SDG 15,SDG 17
385,Count,68,47,14,10,9,3,3,2,1,1,1,0,0,0,0,0,0
386,Percentage,42.77,29.56,8.81,6.29,5.66,1.89,1.89,1.26,0.63,0.63,0.63,0,0,0,0,0,0
387,wp23_2006_0.txt,SDG 10,SDG 17,SDG 16,SDG 1,SDG 5,SDG 6,SDG 8,SDG 2,SDG 3,SDG 4,SDG 7,SDG 9,SDG 11,SDG 12,SDG 13,SDG 14,SDG 15
388,Count,20,11,9,1,1,1,1,0,0,0,0,0,0,0,0,0,0
389,Percentage,45.45,25,20.45,2.27,2.27,2.27,2.27,0,0,0,0,0,0,0,0,0,0
390,wp24_2006_0.txt,SDG 8,SDG 17,SDG 10,SDG 12,SDG 1,SDG 4,SDG 2,SDG 3,SDG 5,SDG 6,SDG 7,SDG 9,SDG 11,SDG 13,SDG 14,SDG 15,SDG 16
391,Count,15,6,2,2,1,1,0,0,0,0,0,0,0,0,0,0,0
392,Percentage,55.56,22.22,7.41,7.41,3.7,3.7,0,0,0,0,0,0,0,0,0,0,0
393,wp25_2006_0.txt,SDG 1,SDG 17,SDG 8,SDG 10,SDG 3,SDG 16,SDG 2,SDG 9,SDG 11,SDG 4,SDG 5,SDG 6,SDG 7,SDG 12,SDG 13,SDG 14,SDG 15
394,Count,41,25,24,23,5,5,3,2,2,1,0,0,0,0,0,0,0
395,Percentage,31.3,19.08,18.32,17.56,3.82,3.82,2.29,1.53,1.53,0.76,0,0,0,0,0,0,0
396,wp26_2006_0.txt,SDG 10,SDG 1,SDG 2,SDG 3,SDG 4,SDG 5,SDG 6,SDG 7,SDG 8,SDG 9,SDG 11,SDG 12,SDG 13,SDG 14,SDG 15,SDG 16,SDG 17
397,Count,10,2,0,0,0,0,0,0,0,0,0,0,0,0,0,0,0
398,Percentage,83.33,16.67,0,0,0,0,0,0,0,0,0,0,0,0,0,0,0
399,wp27_2006_0.txt,SDG 10,SDG 1,SDG 8,SDG 3,SDG 2,SDG 4,SDG 5,SDG 6,SDG 7,SDG 9,SDG 11,SDG 12,SDG 13,SDG 14,SDG 15,SDG 16,SDG 17
400,Count,11,10,10,1,0,0,0,0,0,0,0,0,0,0,0,0,0
401,Percentage,34.38,31.25,31.25,3.12,0,0,0,0,0,0,0,0,0,0,0,0,0
402,wp28_2006_0.txt,SDG 8,SDG 1,SDG 2,SDG 3,SDG 4,SDG 5,SDG 6,SDG 7,SDG 9,SDG 10,SDG 11,SDG 12,SDG 13,SDG 14,SDG 15,SDG 16,SDG 17
403,Count,4,0,0,0,0,0,0,0,0,0,0,0,0,0,0,0,0
404,Percentage,100,0,0,0,0,0,0,0,0,0,0,0,0,0,0,0,0
405,wp29_2006_0.txt,SDG 8,SDG 10,SDG 17,SDG 1,SDG 2,SDG 3,SDG 4,SDG 5,SDG 6,SDG 7,SDG 9,SDG 11,SDG 12,SDG 13,SDG 14,SDG 15,SDG 16
406,Count,32,6,4,1,1,1,0,0,0,0,0,0,0,0,0,0,0
407,Percentage,71.11,13.33,8.89,2.22,2.22,2.22,0,0,0,0,0,0,0,0,0,0,0
408,wp2_2005_0.txt,SDG 1,SDG 10,SDG 8,SDG 3,SDG 2,SDG 5,SDG 16,SDG 4,SDG 6,SDG 7,SDG 9,SDG 11,SDG 12,SDG 13,SDG 14,SDG 15,SDG 17
409,Count,8,6,4,2,1,1,1,0,0,0,0,0,0,0,0,0,0
410,Percentage,34.78,26.09,17.39,8.7,4.35,4.35,4.35,0,0,0,0,0,0,0,0,0,0
411,wp30_2006_0.txt,SDG 1,SDG 3,SDG 10,SDG 8,SDG 17,SDG 2,SDG 6,SDG 4,SDG 5,SDG 11,SDG 7,SDG 9,SDG 12,SDG 13,SDG 14,SDG 15,SDG 16
412,Count,22,22,4,3,3,2,2,1,1,1,0,0,0,0,0,0,0
413,Percentage,36.07,36.07,6.56,4.92,4.92,3.28,3.28,1.64,1.64,1.64,0,0,0,0,0,0,0
414,wp31_2006_0.txt,SDG 3,SDG 8,SDG 4,SDG 1,SDG 16,SDG 10,SDG 17,SDG 2,SDG 5,SDG 6,SDG 7,SDG 9,SDG 11,SDG 12,SDG 13,SDG 14,SDG 15
415,Count,21,14,4,3,3,1,1,0,0,0,0,0,0,0,0,0,0
416,Percentage,44.68,29.79,8.51,6.38,6.38,2.13,2.13,0,0,0,0,0,0,0,0,0,0
417,wp32_2006_0.txt,SDG 8,SDG 1,SDG 4,SDG 10,SDG 3,SDG 16,SDG 17,SDG 2,SDG 5,SDG 6,SDG 7,SDG 9,SDG 11,SDG 12,SDG 13,SDG 14,SDG 15
418,Count,62,8,5,4,2,2,2,0,0,0,0,0,0,0,0,0,0
419,Percentage,72.94,9.41,5.88,4.71,2.35,2.35,2.35,0,0,0,0,0,0,0,0,0,0
420,wp33_2006_0.txt,SDG 1,SDG 10,SDG 8,SDG 2,SDG 4,SDG 9,SDG 3,SDG 16,SDG 17,SDG 5,SDG 6,SDG 7,SDG 11,SDG 12,SDG 13,SDG 14,SDG 15
421,Count,87,65,64,9,9,5,4,3,2,0,0,0,0,0,0,0,0
422,Percentage,35.08,26.21,25.81,3.63,3.63,2.02,1.61,1.21,0.81,0,0,0,0,0,0,0,0
423,wp34_2006_0.txt,SDG 8,SDG 4,SDG 10,SDG 1,SDG 2,SDG 3,SDG 5,SDG 6,SDG 7,SDG 9,SDG 11,SDG 12,SDG 13,SDG 14,SDG 15,SDG 16,SDG 17
424,Count,17,1,1,0,0,0,0,0,0,0,0,0,0,0,0,0,0
425,Percentage,89.47,5.26,5.26,0,0,0,0,0,0,0,0,0,0,0,0,0,0
426,wp35_2006_0.txt,SDG 10,SDG 1,SDG 8,SDG 4,SDG 12,SDG 2,SDG 3,SDG 5,SDG 6,SDG 7,SDG 9,SDG 11,SDG 13,SDG 14,SDG 15,SDG 16,SDG 17
427,Count,15,5,2,1,1,0,0,0,0,0,0,0,0,0,0,0,0
428,Percentage,62.5,20.83,8.33,4.17,4.17,0,0,0,0,0,0,0,0,0,0,0,0
429,wp3_2005_0.txt,SDG 10,SDG 8,SDG 2,SDG 17,SDG 1,SDG 4,SDG 3,SDG 5,SDG 16,SDG 6,SDG 7,SDG 9,SDG 11,SDG 12,SDG 13,SDG 14,SDG 15
430,Count,34,10,6,5,4,3,1,1,1,0,0,0,0,0,0,0,0
431,Percentage,52.31,15.38,9.23,7.69,6.15,4.62,1.54,1.54,1.54,0,0,0,0,0,0,0,0
432,wp4_2005_0.txt,SDG 8,SDG 16,SDG 9,SDG 17,SDG 1,SDG 2,SDG 10,SDG 3,SDG 4,SDG 5,SDG 6,SDG 7,SDG 11,SDG 12,SDG 13,SDG 14,SDG 15
433,Count,11,9,3,3,1,1,1,0,0,0,0,0,0,0,0,0,0
434,Percentage,37.93,31.03,10.34,10.34,3.45,3.45,3.45,0,0,0,0,0,0,0,0,0,0
435,wp5_2005_0.txt,SDG 8,SDG 17,SDG 4,SDG 1,SDG 10,SDG 2,SDG 9,SDG 16,SDG 3,SDG 5,SDG 6,SDG 7,SDG 11,SDG 12,SDG 13,SDG 14,SDG 15
436,Count,15,7,6,5,4,2,2,1,0,0,0,0,0,0,0,0,0
437,Percentage,35.71,16.67,14.29,11.9,9.52,4.76,4.76,2.38,0,0,0,0,0,0,0,0,0
438,wp6_2005_0.txt,SDG 8,SDG 10,SDG 1,SDG 16,SDG 2,SDG 3,SDG 4,SDG 5,SDG 6,SDG 7,SDG 9,SDG 11,SDG 12,SDG 13,SDG 14,SDG 15,SDG 17
439,Count,15,8,2,1,0,0,0,0,0,0,0,0,0,0,0,0,0
440,Percentage,57.69,30.77,7.69,3.85,0,0,0,0,0,0,0,0,0,0,0,0,0
441,wp7_2005_0.txt,SDG 8,SDG 17,SDG 4,SDG 9,SDG 1,SDG 10,SDG 16,SDG 2,SDG 3,SDG 5,SDG 6,SDG 7,SDG 11,SDG 12,SDG 13,SDG 14,SDG 15
442,Count,35,25,11,6,3,1,1,0,0,0,0,0,0,0,0,0,0
443,Percentage,42.68,30.49,13.41,7.32,3.66,1.22,1.22,0,0,0,0,0,0,0,0,0,0
444,wp8_2005_0.txt,SDG 8,SDG 1,SDG 3,SDG 9,SDG 4,SDG 10,SDG 2,SDG 5,SDG 6,SDG 7,SDG 11,SDG 12,SDG 13,SDG 14,SDG 15,SDG 16,SDG 17
445,Count,14,9,6,5,3,3,1,0,0,0,0,0,0,0,0,0,0
446,Percentage,34.15,21.95,14.63,12.2,7.32,7.32,2.44,0,0,0,0,0,0,0,0,0,0
447,wp9_2006_0.txt,SDG 1,SDG 10,SDG 8,SDG 17,SDG 16,SDG 4,SDG 5,SDG 11,SDG 2,SDG 9,SDG 15,SDG 3,SDG 6,SDG 7,SDG 12,SDG 13,SDG 14
448,Count,36,32,16,16,5,2,2,2,1,1,1,0,0,0,0,0,0
449,Percentage,31.58,28.07,14.04,14.04,4.39,1.75,1.75,1.75,0.88,0.88,0.88,0,0,0,0,0,0
450,WP142_2015.txt,SDG 10,SDG 8,SDG 1,SDG 11,SDG 17,SDG 2,SDG 3,SDG 4,SDG 5,SDG 6,SDG 7,SDG 9,SDG 12,SDG 13,SDG 14,SDG 15,SDG 16
451,Count,21,13,4,2,1,0,0,0,0,0,0,0,0,0,0,0,0
452,Percentage,51.22,31.71,9.76,4.88,2.44,0,0,0,0,0,0,0,0,0,0,0,0
453,WP143_2015.txt,SDG 8,SDG 10,SDG 16,SDG 1,SDG 17,SDG 2,SDG 3,SDG 4,SDG 5,SDG 6,SDG 7,SDG 9,SDG 11,SDG 12,SDG 13,SDG 14,SDG 15
454,Count,4,4,4,3,2,0,0,0,0,0,0,0,0,0,0,0,0
455,Percentage,23.53,23.53,23.53,17.65,11.76,0,0,0,0,0,0,0,0,0,0,0,0
456,WP144_2015.txt,SDG 10,SDG 1,SDG 16,SDG 8,SDG 11,SDG 3,SDG 4,SDG 5,SDG 13,SDG 17,SDG 2,SDG 6,SDG 9,SDG 7,SDG 12,SDG 14,SDG 15
457,Count,98,58,22,19,19,5,3,3,3,2,1,1,1,0,0,0,0
458,Percentage,41.7,24.68,9.36,8.09,8.09,2.13,1.28,1.28,1.28,0.85,0.43,0.43,0.43,0,0,0,0
459,WP145_2015.txt,SDG 10,SDG 5,SDG 13,SDG 15,SDG 12,SDG 14,SDG 8,SDG 1,SDG 9,SDG 16,SDG 2,SDG 3,SDG 4,SDG 6,SDG 7,SDG 11,SDG 17
460,Count,41,19,17,12,5,5,4,2,1,1,0,0,0,0,0,0,0
461,Percentage,38.32,17.76,15.89,11.21,4.67,4.67,3.74,1.87,0.93,0.93,0,0,0,0,0,0,0
462,WP147_2016.txt,SDG 8,SDG 9,SDG 16,SDG 17,SDG 2,SDG 4,SDG 10,SDG 1,SDG 3,SDG 5,SDG 6,SDG 7,SDG 11,SDG 12,SDG 13,SDG 14,SDG 15
463,Count,8,4,2,2,1,1,1,0,0,0,0,0,0,0,0,0,0
464,Percentage,42.11,21.05,10.53,10.53,5.26,5.26,5.26,0,0,0,0,0,0,0,0,0,0
465,WP148_2016.txt,SDG 16,SDG 17,SDG 3,SDG 9,SDG 6,SDG 7,SDG 8,SDG 10,SDG 1,SDG 2,SDG 4,SDG 5,SDG 11,SDG 12,SDG 13,SDG 14,SDG 15
466,Count,9,7,3,3,2,2,2,2,1,0,0,0,0,0,0,0,0
467,Percentage,29.03,22.58,9.68,9.68,6.45,6.45,6.45,6.45,3.23,0,0,0,0,0,0,0,0
468,wp100_2010.txt,SDG 1,SDG 8,SDG 16,SDG 10,SDG 4,SDG 9,SDG 17,SDG 2,SDG 3,SDG 5,SDG 6,SDG 7,SDG 11,SDG 12,SDG 13,SDG 14,SDG 15
469,Count,39,31,9,7,1,1,1,0,0,0,0,0,0,0,0,0,0
470,Percentage,43.82,34.83,10.11,7.87,1.12,1.12,1.12,0,0,0,0,0,0,0,0,0,0
471,wp101_2011.txt,SDG 10,SDG 8,SDG 1,SDG 4,SDG 17,SDG 9,SDG 2,SDG 16,SDG 3,SDG 5,SDG 6,SDG 7,SDG 11,SDG 12,SDG 13,SDG 14,SDG 15
472,Count,44,29,17,16,10,2,1,1,0,0,0,0,0,0,0,0,0
473,Percentage,36.67,24.17,14.17,13.33,8.33,1.67,0.83,0.83,0,0,0,0,0,0,0,0,0
474,wp102_2011.txt,SDG 2,SDG 8,SDG 10,SDG 17,SDG 1,SDG 9,SDG 13,SDG 16,SDG 4,SDG 7,SDG 12,SDG 15,SDG 3,SDG 5,SDG 6,SDG 11,SDG 14
475,Count,49,22,17,17,15,10,3,3,1,1,1,1,0,0,0,0,0
476,Percentage,35,15.71,12.14,12.14,10.71,7.14,2.14,2.14,0.71,0.71,0.71,0.71,0,0,0,0,0
477,wp103_2011.txt,SDG 3,SDG 6,SDG 1,SDG 4,SDG 9,SDG 17,SDG 2,SDG 5,SDG 7,SDG 8,SDG 10,SDG 11,SDG 12,SDG 13,SDG 14,SDG 15,SDG 16
478,Count,128,7,2,1,1,1,0,0,0,0,0,0,0,0,0,0,0
479,Percentage,91.43,5,1.43,0.71,0.71,0.71,0,0,0,0,0,0,0,0,0,0,0
480,wp104_2011.txt,SDG 13,SDG 8,SDG 17,SDG 1,SDG 2,SDG 3,SDG 4,SDG 5,SDG 6,SDG 7,SDG 9,SDG 10,SDG 11,SDG 12,SDG 14,SDG 15,SDG 16
481,Count,12,4,2,0,0,0,0,0,0,0,0,0,0,0,0,0,0
482,Percentage,66.67,22.22,11.11,0,0,0,0,0,0,0,0,0,0,0,0,0,0
483,wp105_2011.txt,SDG 8,SDG 9,SDG 10,SDG 16,SDG 17,SDG 1,SDG 2,SDG 3,SDG 4,SDG 5,SDG 6,SDG 7,SDG 11,SDG 12,SDG 13,SDG 14,SDG 15
484,Count,12,2,1,1,1,0,0,0,0,0,0,0,0,0,0,0,0
485,Percentage,70.59,11.76,5.88,5.88,5.88,0,0,0,0,0,0,0,0,0,0,0,0
486,wp106_2011.txt,SDG 8,SDG 3,SDG 17,SDG 7,SDG 4,SDG 5,SDG 1,SDG 2,SDG 6,SDG 9,SDG 10,SDG 11,SDG 12,SDG 13,SDG 14,SDG 15,SDG 16
487,Count,42,36,3,2,1,1,0,0,0,0,0,0,0,0,0,0,0
488,Percentage,49.41,42.35,3.53,2.35,1.18,1.18,0,0,0,0,0,0,0,0,0,0,0
489,wp107_2011.txt,SDG 2,SDG 5,SDG 13,SDG 1,SDG 3,SDG 8,SDG 9,SDG 10,SDG 15,SDG 6,SDG 11,SDG 4,SDG 7,SDG 12,SDG 14,SDG 16,SDG 17
490,Count,60,31,17,7,4,3,3,3,2,1,1,0,0,0,0,0,0
491,Percentage,45.45,23.48,12.88,5.3,3.03,2.27,2.27,2.27,1.52,0.76,0.76,0,0,0,0,0,0
492,wp108_2011.txt,SDG 1,SDG 8,SDG 10,SDG 17,SDG 16,SDG 2,SDG 9,SDG 3,SDG 4,SDG 5,SDG 6,SDG 7,SDG 11,SDG 12,SDG 13,SDG 14,SDG 15
493,Count,14,13,12,11,5,1,1,0,0,0,0,0,0,0,0,0,0
494,Percentage,24.56,22.81,21.05,19.3,8.77,1.75,1.75,0,0,0,0,0,0,0,0,0,0
495,wp109_2011.txt,SDG 17,SDG 10,SDG 8,SDG 16,SDG 2,SDG 1,SDG 3,SDG 4,SDG 5,SDG 6,SDG 7,SDG 9,SDG 11,SDG 12,SDG 13,SDG 14,SDG 15
496,Count,24,22,14,8,5,4,4,0,0,0,0,0,0,0,0,0,0
497,Percentage,29.63,27.16,17.28,9.88,6.17,4.94,4.94,0,0,0,0,0,0,0,0,0,0
498,wp110_2012.txt,SDG 8,SDG 9,SDG 2,SDG 11,SDG 1,SDG 3,SDG 4,SDG 5,SDG 6,SDG 7,SDG 10,SDG 12,SDG 13,SDG 14,SDG 15,SDG 16,SDG 17
499,Count,15,2,1,1,0,0,0,0,0,0,0,0,0,0,0,0,0
500,Percentage,78.95,10.53,5.26,5.26,0,0,0,0,0,0,0,0,0,0,0,0,0
501,wp111_2012.txt,SDG 10,SDG 17,SDG 8,SDG 1,SDG 3,SDG 2,SDG 4,SDG 5,SDG 6,SDG 7,SDG 9,SDG 11,SDG 12,SDG 13,SDG 14,SDG 15,SDG 16
502,Count,52,51,6,5,3,0,0,0,0,0,0,0,0,0,0,0,0
503,Percentage,44.44,43.59,5.13,4.27,2.56,0,0,0,0,0,0,0,0,0,0,0,0
504,wp112_2012.txt,SDG 8,SDG 1,SDG 2,SDG 3,SDG 4,SDG 5,SDG 6,SDG 7,SDG 9,SDG 10,SDG 11,SDG 12,SDG 13,SDG 14,SDG 15,SDG 16,SDG 17
505,Count,28,0,0,0,0,0,0,0,0,0,0,0,0,0,0,0,0
506,Percentage,100,0,0,0,0,0,0,0,0,0,0,0,0,0,0,0,0
507,wp113_2012.txt,SDG 13,SDG 8,SDG 1,SDG 7,SDG 10,SDG 2,SDG 6,SDG 15,SDG 3,SDG 4,SDG 5,SDG 9,SDG 11,SDG 12,SDG 14,SDG 16,SDG 17
508,Count,74,16,12,3,3,2,1,1,0,0,0,0,0,0,0,0,0
509,Percentage,66.07,14.29,10.71,2.68,2.68,1.79,0.89,0.89,0,0,0,0,0,0,0,0,0
510,wp114_2012.txt,SDG 8,SDG 10,SDG 6,SDG 17,SDG 9,SDG 11,SDG 12,SDG 1,SDG 2,SDG 3,SDG 4,SDG 5,SDG 7,SDG 13,SDG 14,SDG 15,SDG 16
511,Count,17,8,7,5,4,4,3,0,0,0,0,0,0,0,0,0,0
512,Percentage,35.42,16.67,14.58,10.42,8.33,8.33,6.25,0,0,0,0,0,0,0,0,0,0
513,wp115_2012.txt,SDG 10,SDG 15,SDG 16,SDG 1,SDG 2,SDG 3,SDG 4,SDG 5,SDG 6,SDG 7,SDG 8,SDG 9,SDG 11,SDG 12,SDG 13,SDG 14,SDG 17
514,Count,1,1,1,0,0,0,0,0,0,0,0,0,0,0,0,0,0
515,Percentage,33.33,33.33,33.33,0,0,0,0,0,0,0,0,0,0,0,0,0,0
516,wp116_2012.txt,SDG 8,SDG 10,SDG 2,SDG 1,SDG 17,SDG 13,SDG 15,SDG 4,SDG 7,SDG 9,SDG 3,SDG 16,SDG 5,SDG 6,SDG 11,SDG 12,SDG 14
517,Count,43,31,28,21,19,7,6,5,3,3,2,2,0,0,0,0,0
518,Percentage,25.29,18.24,16.47,12.35,11.18,4.12,3.53,2.94,1.76,1.76,1.18,1.18,0,0,0,0,0
519,wp117_2012.txt,SDG 1,SDG 10,SDG 8,SDG 17,SDG 5,SDG 16,SDG 3,SDG 2,SDG 13,SDG 6,SDG 12,SDG 4,SDG 7,SDG 9,SDG 11,SDG 14,SDG 15
520,Count,40,19,13,12,8,7,6,3,2,1,1,0,0,0,0,0,0
521,Percentage,35.71,16.96,11.61,10.71,7.14,6.25,5.36,2.68,1.79,0.89,0.89,0,0,0,0,0,0
522,wp118_2012.txt,SDG 13,SDG 10,SDG 1,SDG 8,SDG 16,SDG 17,SDG 2,SDG 3,SDG 4,SDG 5,SDG 6,SDG 7,SDG 9,SDG 11,SDG 12,SDG 14,SDG 15
523,Count,4,2,1,1,1,1,0,0,0,0,0,0,0,0,0,0,0
524,Percentage,40,20,10,10,10,10,0,0,0,0,0,0,0,0,0,0,0
525,wp121_2012.txt,SDG 17,SDG 10,SDG 13,SDG 1,SDG 16,SDG 8,SDG 3,SDG 12,SDG 2,SDG 4,SDG 5,SDG 6,SDG 7,SDG 9,SDG 11,SDG 14,SDG 15
526,Count,43,42,12,10,8,6,4,1,0,0,0,0,0,0,0,0,0
527,Percentage,34.13,33.33,9.52,7.94,6.35,4.76,3.17,0.79,0,0,0,0,0,0,0,0,0
528,wp122_2012.txt,SDG 8,SDG 1,SDG 3,SDG 4,SDG 2,SDG 17,SDG 7,SDG 9,SDG 10,SDG 16,SDG 5,SDG 6,SDG 11,SDG 12,SDG 13,SDG 14,SDG 15
529,Count,40,21,14,5,4,2,1,1,1,1,0,0,0,0,0,0,0
530,Percentage,44.44,23.33,15.56,5.56,4.44,2.22,1.11,1.11,1.11,1.11,0,0,0,0,0,0,0
531,wp123_2012.txt,SDG 17,SDG 10,SDG 16,SDG 8,SDG 1,SDG 4,SDG 2,SDG 3,SDG 5,SDG 6,SDG 7,SDG 9,SDG 11,SDG 12,SDG 13,SDG 14,SDG 15
532,Count,42,21,8,7,5,2,0,0,0,0,0,0,0,0,0,0,0
533,Percentage,49.41,24.71,9.41,8.24,5.88,2.35,0,0,0,0,0,0,0,0,0,0,0
534,wp124_2012.txt,SDG 17,SDG 1,SDG 10,SDG 13,SDG 3,SDG 8,SDG 7,SDG 4,SDG 9,SDG 12,SDG 2,SDG 5,SDG 6,SDG 11,SDG 14,SDG 15,SDG 16
535,Count,24,15,14,12,9,7,5,1,1,1,0,0,0,0,0,0,0
536,Percentage,26.97,16.85,15.73,13.48,10.11,7.87,5.62,1.12,1.12,1.12,0,0,0,0,0,0,0
537,wp125_2013.txt,SDG 10,SDG 17,SDG 3,SDG 15,SDG 8,SDG 1,SDG 14,SDG 2,SDG 4,SDG 5,SDG 6,SDG 7,SDG 9,SDG 11,SDG 12,SDG 13,SDG 16
538,Count,19,17,12,9,2,1,1,0,0,0,0,0,0,0,0,0,0
539,Percentage,31.15,27.87,19.67,14.75,3.28,1.64,1.64,0,0,0,0,0,0,0,0,0,0
540,wp126_2012.txt,SDG 17,SDG 13,SDG 10,SDG 8,SDG 9,SDG 1,SDG 2,SDG 3,SDG 4,SDG 5,SDG 6,SDG 7,SDG 11,SDG 12,SDG 14,SDG 15,SDG 16
541,Count,7,5,3,2,1,0,0,0,0,0,0,0,0,0,0,0,0
542,Percentage,38.89,27.78,16.67,11.11,5.56,0,0,0,0,0,0,0,0,0,0,0,0
543,wp127_2012.txt,SDG 8,SDG 3,SDG 10,SDG 17,SDG 13,SDG 4,SDG 7,SDG 1,SDG 6,SDG 9,SDG 12,SDG 16,SDG 2,SDG 5,SDG 11,SDG 14,SDG 15
544,Count,14,9,9,9,8,4,4,1,1,1,1,1,0,0,0,0,0
545,Percentage,22.58,14.52,14.52,14.52,12.9,6.45,6.45,1.61,1.61,1.61,1.61,1.61,0,0,0,0,0
546,wp128_2013.txt,SDG 1,SDG 16,SDG 17,SDG 8,SDG 3,SDG 10,SDG 13,SDG 5,SDG 6,SDG 2,SDG 4,SDG 7,SDG 9,SDG 11,SDG 12,SDG 14,SDG 15
547,Count,35,19,16,10,4,4,2,1,1,0,0,0,0,0,0,0,0
548,Percentage,38.04,20.65,17.39,10.87,4.35,4.35,2.17,1.09,1.09,0,0,0,0,0,0,0,0
549,wp129_2013.txt,SDG 8,SDG 10,SDG 1,SDG 2,SDG 3,SDG 4,SDG 5,SDG 6,SDG 7,SDG 9,SDG 11,SDG 12,SDG 13,SDG 14,SDG 15,SDG 16,SDG 17
550,Count,13,11,0,0,0,0,0,0,0,0,0,0,0,0,0,0,0
551,Percentage,54.17,45.83,0,0,0,0,0,0,0,0,0,0,0,0,0,0,0
552,wp131_2013.txt,SDG 8,SDG 1,SDG 2,SDG 3,SDG 4,SDG 5,SDG 6,SDG 7,SDG 9,SDG 10,SDG 11,SDG 12,SDG 13,SDG 14,SDG 15,SDG 16,SDG 17
553,Count,5,0,0,0,0,0,0,0,0,0,0,0,0,0,0,0,0
554,Percentage,100,0,0,0,0,0,0,0,0,0,0,0,0,0,0,0,0
555,wp132_2014.txt,SDG 8,SDG 10,SDG 17,SDG 1,SDG 9,SDG 2,SDG 3,SDG 4,SDG 5,SDG 6,SDG 7,SDG 11,SDG 12,SDG 13,SDG 14,SDG 15,SDG 16
556,Count,14,3,2,1,1,0,0,0,0,0,0,0,0,0,0,0,0
557,Percentage,66.67,14.29,9.52,4.76,4.76,0,0,0,0,0,0,0,0,0,0,0,0
558,wp133_2014.txt,SDG 8,SDG 1,SDG 2,SDG 3,SDG 4,SDG 5,SDG 6,SDG 7,SDG 9,SDG 10,SDG 11,SDG 12,SDG 13,SDG 14,SDG 15,SDG 16,SDG 17
559,Count,7,0,0,0,0,0,0,0,0,0,0,0,0,0,0,0,0
560,Percentage,100,0,0,0,0,0,0,0,0,0,0,0,0,0,0,0,0
561,wp134_2014.txt,SDG 8,SDG 1,SDG 15,SDG 9,SDG 17,SDG 2,SDG 4,SDG 7,SDG 6,SDG 11,SDG 3,SDG 5,SDG 10,SDG 12,SDG 13,SDG 14,SDG 16
562,Count,27,16,6,4,4,3,2,2,1,1,0,0,0,0,0,0,0
563,Percentage,40.91,24.24,9.09,6.06,6.06,4.55,3.03,3.03,1.52,1.52,0,0,0,0,0,0,0
564,wp135_2014.txt,SDG 17,SDG 10,SDG 8,SDG 1,SDG 9,SDG 13,SDG 7,SDG 11,SDG 16,SDG 2,SDG 6,SDG 12,SDG 3,SDG 4,SDG 5,SDG 14,SDG 15
565,Count,35,23,12,11,9,8,7,6,6,2,1,1,0,0,0,0,0
566,Percentage,28.93,19.01,9.92,9.09,7.44,6.61,5.79,4.96,4.96,1.65,0.83,0.83,0,0,0,0,0
567,wp136_2014.txt,SDG 12,SDG 8,SDG 13,SDG 7,SDG 1,SDG 15,SDG 6,SDG 5,SDG 11,SDG 2,SDG 3,SDG 4,SDG 9,SDG 10,SDG 14,SDG 16,SDG 17
568,Count,30,26,23,16,12,11,2,1,1,0,0,0,0,0,0,0,0
569,Percentage,24.59,21.31,18.85,13.11,9.84,9.02,1.64,0.82,0.82,0,0,0,0,0,0,0,0
570,wp137_2014.txt,SDG 8,SDG 13,SDG 2,SDG 17,SDG 1,SDG 15,SDG 3,SDG 7,SDG 11,SDG 4,SDG 5,SDG 6,SDG 9,SDG 10,SDG 12,SDG 14,SDG 16
571,Count,29,12,8,8,6,4,1,1,1,0,0,0,0,0,0,0,0
572,Percentage,41.43,17.14,11.43,11.43,8.57,5.71,1.43,1.43,1.43,0,0,0,0,0,0,0,0
573,wp138_2014.txt,SDG 10,SDG 17,SDG 13,SDG 3,SDG 8,SDG 1,SDG 15,SDG 2,SDG 4,SDG 5,SDG 6,SDG 7,SDG 9,SDG 11,SDG 12,SDG 14,SDG 16
574,Count,63,47,14,7,6,1,1,0,0,0,0,0,0,0,0,0,0
575,Percentage,45.32,33.81,10.07,5.04,4.32,0.72,0.72,0,0,0,0,0,0,0,0,0,0
576,wp139_2015.txt,SDG 10,SDG 1,SDG 17,SDG 8,SDG 13,SDG 16,SDG 12,SDG 5,SDG 3,SDG 4,SDG 15,SDG 2,SDG 7,SDG 6,SDG 9,SDG 11,SDG 14
577,Count,107,86,60,41,11,10,8,6,5,5,4,3,2,0,0,0,0
578,Percentage,30.75,24.71,17.24,11.78,3.16,2.87,2.3,1.72,1.44,1.44,1.15,0.86,0.57,0,0,0,0
579,wp140_2015.txt,SDG 8,SDG 10,SDG 1,SDG 2,SDG 3,SDG 4,SDG 5,SDG 6,SDG 7,SDG 9,SDG 11,SDG 12,SDG 13,SDG 14,SDG 15,SDG 16,SDG 17
580,Count,8,7,4,0,0,0,0,0,0,0,0,0,0,0,0,0,0
581,Percentage,42.11,36.84,21.05,0,0,0,0,0,0,0,0,0,0,0,0,0,0
582,wp141_2015.txt,SDG 3,SDG 12,SDG 2,SDG 6,SDG 13,SDG 15,SDG 16,SDG 8,SDG 10,SDG 9,SDG 11,SDG 7,SDG 1,SDG 4,SDG 14,SDG 5,SDG 17
583,Count,32,16,15,14,12,9,9,8,7,5,5,4,2,2,2,1,1
584,Percentage,22.22,11.11,10.42,9.72,8.33,6.25,6.25,5.56,4.86,3.47,3.47,2.78,1.39,1.39,1.39,0.69,0.69
585,wp146_2015.txt,SDG 4,SDG 13,SDG 8,SDG 12,SDG 6,SDG 1,SDG 10,SDG 16,SDG 7,SDG 15,SDG 5,SDG 2,SDG 11,SDG 3,SDG 9,SDG 14,SDG 17
586,Count,85,40,36,36,25,23,23,22,19,18,17,16,16,14,8,8,7
587,Percentage,20.58,9.69,8.72,8.72,6.05,5.57,5.57,5.33,4.6,4.36,4.12,3.87,3.87,3.39,1.94,1.94,1.69
588,wp149_2017.txt,SDG 14,SDG 13,SDG 2,SDG 8,SDG 15,SDG 1,SDG 16,SDG 12,SDG 9,SDG 7,SDG 6,SDG 3,SDG 4,SDG 17,SDG 11,SDG 10,SDG 5
589,Count,214,32,23,19,17,15,14,12,11,8,6,5,5,4,2,1,0
590,Percentage,55.15,8.25,5.93,4.9,4.38,3.87,3.61,3.09,2.84,2.06,1.55,1.29,1.29,1.03,0.52,0.26,0
591,wp151_2017.txt,SDG 8,SDG 16,SDG 1,SDG 9,SDG 2,SDG 3,SDG 4,SDG 5,SDG 6,SDG 7,SDG 10,SDG 11,SDG 12,SDG 13,SDG 14,SDG 15,SDG 17
592,Count,9,2,1,1,0,0,0,0,0,0,0,0,0,0,0,0,0
593,Percentage,69.23,15.38,7.69,7.69,0,0,0,0,0,0,0,0,0,0,0,0,0
594,wp152_2017.txt,SDG 13,SDG 10,SDG 2,SDG 1,SDG 3,SDG 6,SDG 11,SDG 4,SDG 5,SDG 8,SDG 15,SDG 7,SDG 9,SDG 12,SDG 14,SDG 16,SDG 17
595,Count,140,21,6,4,4,4,4,1,1,1,1,0,0,0,0,0,0
596,Percentage,74.87,11.23,3.21,2.14,2.14,2.14,2.14,0.53,0.53,0.53,0.53,0,0,0,0,0,0
597,wp153_2017.txt,SDG 8,SDG 17,SDG 1,SDG 2,SDG 3,SDG 4,SDG 5,SDG 6,SDG 7,SDG 9,SDG 10,SDG 11,SDG 12,SDG 13,SDG 14,SDG 15,SDG 16
598,Count,5,4,0,0,0,0,0,0,0,0,0,0,0,0,0,0,0
599,Percentage,55.56,44.44,0,0,0,0,0,0,0,0,0,0,0,0,0,0,0
600,wp154_2018.txt,SDG 13,SDG 9,SDG 16,SDG 17,SDG 10,SDG 8,SDG 1,SDG 6,SDG 11,SDG 12,SDG 3,SDG 4,SDG 5,SDG 7,SDG 15,SDG 2,SDG 14
601,Count,54,24,18,13,5,4,3,2,2,2,1,1,1,1,1,0,0
602,Percentage,40.91,18.18,13.64,9.85,3.79,3.03,2.27,1.52,1.52,1.52,0.76,0.76,0.76,0.76,0.76,0,0
603,wp155_2017.txt,SDG 8,SDG 15,SDG 9,SDG 13,SDG 10,SDG 12,SDG 2,SDG 17,SDG 1,SDG 4,SDG 5,SDG 6,SDG 3,SDG 7,SDG 11,SDG 14,SDG 16
604,Count,33,14,5,5,3,3,2,2,1,1,1,1,0,0,0,0,0
605,Percentage,46.48,19.72,7.04,7.04,4.23,4.23,2.82,2.82,1.41,1.41,1.41,1.41,0,0,0,0,0
606,wp156_2018.txt,SDG 8,SDG 13,SDG 1,SDG 10,SDG 15,SDG 12,SDG 17,SDG 9,SDG 2,SDG 7,SDG 16,SDG 11,SDG 14,SDG 3,SDG 4,SDG 6,SDG 5
607,Count,76,41,35,29,24,15,15,9,7,7,7,5,4,2,2,2,0
608,Percentage,27.14,14.64,12.5,10.36,8.57,5.36,5.36,3.21,2.5,2.5,2.5,1.79,1.43,0.71,0.71,0.71,0
609,wp157_2019.txt,SDG 16,SDG 17,SDG 5,SDG 1,SDG 10,SDG 6,SDG 15,SDG 2,SDG 11,SDG 14,SDG 3,SDG 4,SDG 7,SDG 8,SDG 9,SDG 12,SDG 13
610,Count,13,7,4,3,3,2,2,1,1,1,0,0,0,0,0,0,0
611,Percentage,35.14,18.92,10.81,8.11,8.11,5.41,5.41,2.7,2.7,2.7,0,0,0,0,0,0,0
612,wp36_2007_0.txt,SDG 1,SDG 17,SDG 8,SDG 4,SDG 3,SDG 6,SDG 10,SDG 16,SDG 2,SDG 5,SDG 7,SDG 9,SDG 11,SDG 12,SDG 13,SDG 14,SDG 15
613,Count,47,34,25,17,14,13,8,5,0,0,0,0,0,0,0,0,0
614,Percentage,28.83,20.86,15.34,10.43,8.59,7.98,4.91,3.07,0,0,0,0,0,0,0,0,0
615,wp37_2007_0.txt,SDG 1,SDG 10,SDG 8,SDG 3,SDG 11,SDG 17,SDG 16,SDG 4,SDG 2,SDG 7,SDG 9,SDG 12,SDG 5,SDG 6,SDG 13,SDG 14,SDG 15
616,Count,34,34,20,18,18,15,6,4,2,1,1,1,0,0,0,0,0
617,Percentage,22.08,22.08,12.99,11.69,11.69,9.74,3.9,2.6,1.3,0.65,0.65,0.65,0,0,0,0,0
618,wp38_2007_0.txt,SDG 8,SDG 1,SDG 17,SDG 2,SDG 3,SDG 4,SDG 5,SDG 6,SDG 7,SDG 9,SDG 10,SDG 11,SDG 12,SDG 13,SDG 14,SDG 15,SDG 16
619,Count,57,8,2,0,0,0,0,0,0,0,0,0,0,0,0,0,0
620,Percentage,85.07,11.94,2.99,0,0,0,0,0,0,0,0,0,0,0,0,0,0
621,wp39_2007_0.txt,SDG 8,SDG 17,SDG 1,SDG 16,SDG 2,SDG 3,SDG 4,SDG 5,SDG 6,SDG 7,SDG 9,SDG 10,SDG 11,SDG 12,SDG 13,SDG 14,SDG 15
622,Count,12,8,2,1,0,0,0,0,0,0,0,0,0,0,0,0,0
623,Percentage,52.17,34.78,8.7,4.35,0,0,0,0,0,0,0,0,0,0,0,0,0
624,wp40_2007_0.txt,SDG 8,SDG 3,SDG 1,SDG 10,SDG 4,SDG 2,SDG 16,SDG 5,SDG 6,SDG 7,SDG 9,SDG 11,SDG 12,SDG 13,SDG 14,SDG 15,SDG 17
625,Count,69,23,15,9,2,1,1,0,0,0,0,0,0,0,0,0,0
626,Percentage,57.5,19.17,12.5,7.5,1.67,0.83,0.83,0,0,0,0,0,0,0,0,0,0
627,wp41_2007_0.txt,SDG 3,SDG 10,SDG 8,SDG 1,SDG 2,SDG 4,SDG 5,SDG 6,SDG 7,SDG 9,SDG 11,SDG 12,SDG 13,SDG 14,SDG 15,SDG 16,SDG 17
628,Count,27,2,1,0,0,0,0,0,0,0,0,0,0,0,0,0,0
629,Percentage,90,6.67,3.33,0,0,0,0,0,0,0,0,0,0,0,0,0,0
630,wp42_2007_0.txt,SDG 8,SDG 1,SDG 9,SDG 17,SDG 11,SDG 2,SDG 3,SDG 4,SDG 5,SDG 6,SDG 7,SDG 10,SDG 12,SDG 13,SDG 14,SDG 15,SDG 16
631,Count,17,10,3,3,2,0,0,0,0,0,0,0,0,0,0,0,0
632,Percentage,48.57,28.57,8.57,8.57,5.71,0,0,0,0,0,0,0,0,0,0,0,0
633,wp43_2007_0.txt,SDG 16,SDG 1,SDG 8,SDG 10,SDG 3,SDG 2,SDG 4,SDG 5,SDG 6,SDG 7,SDG 9,SDG 11,SDG 12,SDG 13,SDG 14,SDG 15,SDG 17
634,Count,18,17,8,5,4,1,0,0,0,0,0,0,0,0,0,0,0
635,Percentage,33.96,32.08,15.09,9.43,7.55,1.89,0,0,0,0,0,0,0,0,0,0,0
636,wp44_2007_0.txt,SDG 8,SDG 4,SDG 9,SDG 1,SDG 10,SDG 2,SDG 3,SDG 5,SDG 6,SDG 7,SDG 11,SDG 12,SDG 13,SDG 14,SDG 15,SDG 16,SDG 17
637,Count,37,2,2,1,1,0,0,0,0,0,0,0,0,0,0,0,0
638,Percentage,86.05,4.65,4.65,2.33,2.33,0,0,0,0,0,0,0,0,0,0,0,0
639,wp45_2007_0.txt,SDG 1,SDG 8,SDG 10,SDG 2,SDG 4,SDG 3,SDG 9,SDG 16,SDG 17,SDG 5,SDG 11,SDG 15,SDG 6,SDG 7,SDG 12,SDG 13,SDG 14
640,Count,12,11,8,6,6,5,3,3,3,2,1,1,0,0,0,0,0
641,Percentage,19.67,18.03,13.11,9.84,9.84,8.2,4.92,4.92,4.92,3.28,1.64,1.64,0,0,0,0,0
642,wp46_2007_0.txt,SDG 8,SDG 1,SDG 5,SDG 10,SDG 16,SDG 2,SDG 3,SDG 4,SDG 6,SDG 7,SDG 9,SDG 11,SDG 12,SDG 13,SDG 14,SDG 15,SDG 17
643,Count,37,8,2,2,2,0,0,0,0,0,0,0,0,0,0,0,0
644,Percentage,72.55,15.69,3.92,3.92,3.92,0,0,0,0,0,0,0,0,0,0,0,0
645,wp47_2007_0.txt,SDG 8,SDG 1,SDG 10,SDG 4,SDG 5,SDG 2,SDG 3,SDG 6,SDG 7,SDG 9,SDG 11,SDG 12,SDG 13,SDG 14,SDG 15,SDG 16,SDG 17
646,Count,34,4,3,1,1,0,0,0,0,0,0,0,0,0,0,0,0
647,Percentage,79.07,9.3,6.98,2.33,2.33,0,0,0,0,0,0,0,0,0,0,0,0
648,wp48_2007_0.txt,SDG 8,SDG 1,SDG 9,SDG 17,SDG 2,SDG 3,SDG 4,SDG 5,SDG 6,SDG 7,SDG 10,SDG 11,SDG 12,SDG 13,SDG 14,SDG 15,SDG 16
649,Count,8,3,1,1,0,0,0,0,0,0,0,0,0,0,0,0,0
650,Percentage,61.54,23.08,7.69,7.69,0,0,0,0,0,0,0,0,0,0,0,0,0
651,wp49_2007_0.txt,SDG 1,SDG 8,SDG 10,SDG 2,SDG 9,SDG 17,SDG 4,SDG 12,SDG 15,SDG 3,SDG 11,SDG 5,SDG 6,SDG 7,SDG 13,SDG 14,SDG 16
652,Count,125,69,14,13,12,9,2,2,2,1,1,0,0,0,0,0,0
653,Percentage,50,27.6,5.6,5.2,4.8,3.6,0.8,0.8,0.8,0.4,0.4,0,0,0,0,0,0
654,wp50_2007_0.txt,SDG 8,SDG 1,SDG 17,SDG 10,SDG 4,SDG 2,SDG 9,SDG 11,SDG 16,SDG 3,SDG 5,SDG 6,SDG 7,SDG 12,SDG 13,SDG 14,SDG 15
655,Count,14,11,7,5,3,2,2,1,1,0,0,0,0,0,0,0,0
656,Percentage,30.43,23.91,15.22,10.87,6.52,4.35,4.35,2.17,2.17,0,0,0,0,0,0,0,0
657,wp51_2007_0.txt,SDG 17,SDG 8,SDG 16,SDG 1,SDG 2,SDG 3,SDG 4,SDG 5,SDG 6,SDG 7,SDG 9,SDG 10,SDG 11,SDG 12,SDG 13,SDG 14,SDG 15
658,Count,21,11,1,0,0,0,0,0,0,0,0,0,0,0,0,0,0
659,Percentage,63.64,33.33,3.03,0,0,0,0,0,0,0,0,0,0,0,0,0,0
660,wp52_2007_0.txt,SDG 8,SDG 9,SDG 7,SDG 11,SDG 1,SDG 2,SDG 3,SDG 4,SDG 5,SDG 6,SDG 10,SDG 12,SDG 13,SDG 14,SDG 15,SDG 16,SDG 17
661,Count,8,3,2,1,0,0,0,0,0,0,0,0,0,0,0,0,0
662,Percentage,57.14,21.43,14.29,7.14,0,0,0,0,0,0,0,0,0,0,0,0,0
663,wp53_2007_0.txt,SDG 9,SDG 8,SDG 17,SDG 2,SDG 4,SDG 15,SDG 1,SDG 3,SDG 5,SDG 6,SDG 7,SDG 10,SDG 11,SDG 12,SDG 13,SDG 14,SDG 16
664,Count,6,5,4,1,1,1,0,0,0,0,0,0,0,0,0,0,0
665,Percentage,33.33,27.78,22.22,5.56,5.56,5.56,0,0,0,0,0,0,0,0,0,0,0
666,wp54_2007_0.txt,SDG 16,SDG 8,SDG 1,SDG 17,SDG 9,SDG 10,SDG 12,SDG 2,SDG 3,SDG 4,SDG 5,SDG 6,SDG 7,SDG 11,SDG 13,SDG 14,SDG 15
667,Count,35,22,13,4,3,1,1,0,0,0,0,0,0,0,0,0,0
668,Percentage,44.3,27.85,16.46,5.06,3.8,1.27,1.27,0,0,0,0,0,0,0,0,0,0
669,wp55_2007_0.txt,SDG 16,SDG 1,SDG 8,SDG 10,SDG 2,SDG 3,SDG 4,SDG 5,SDG 6,SDG 7,SDG 9,SDG 11,SDG 12,SDG 13,SDG 14,SDG 15,SDG 17
670,Count,150,1,1,1,0,0,0,0,0,0,0,0,0,0,0,0,0
671,Percentage,98.04,0.65,0.65,0.65,0,0,0,0,0,0,0,0,0,0,0,0,0
672,wp56_2007_0.txt,SDG 13,SDG 8,SDG 7,SDG 15,SDG 17,SDG 2,SDG 9,SDG 1,SDG 10,SDG 11,SDG 16,SDG 12,SDG 3,SDG 4,SDG 5,SDG 6,SDG 14
673,Count,81,28,24,15,9,8,4,3,3,2,2,1,0,0,0,0,0
674,Percentage,45,15.56,13.33,8.33,5,4.44,2.22,1.67,1.67,1.11,1.11,0.56,0,0,0,0,0
675,wp57_2007_0.txt,SDG 6,SDG 13,SDG 3,SDG 2,SDG 1,SDG 4,SDG 5,SDG 7,SDG 8,SDG 9,SDG 10,SDG 11,SDG 12,SDG 14,SDG 15,SDG 16,SDG 17
676,Count,49,18,9,2,0,0,0,0,0,0,0,0,0,0,0,0,0
677,Percentage,62.82,23.08,11.54,2.56,0,0,0,0,0,0,0,0,0,0,0,0,0
678,wp58_2007_0.txt,SDG 1,SDG 8,SDG 2,SDG 3,SDG 10,SDG 4,SDG 9,SDG 11,SDG 16,SDG 5,SDG 12,SDG 15,SDG 6,SDG 7,SDG 13,SDG 14,SDG 17
679,Count,46,26,13,11,8,5,2,2,2,1,1,1,0,0,0,0,0
680,Percentage,38.98,22.03,11.02,9.32,6.78,4.24,1.69,1.69,1.69,0.85,0.85,0.85,0,0,0,0,0
681,wp59_2007_0.txt,SDG 8,SDG 17,SDG 16,SDG 1,SDG 2,SDG 3,SDG 4,SDG 5,SDG 6,SDG 7,SDG 9,SDG 10,SDG 11,SDG 12,SDG 13,SDG 14,SDG 15
682,Count,8,5,1,0,0,0,0,0,0,0,0,0,0,0,0,0,0
683,Percentage,57.14,35.71,7.14,0,0,0,0,0,0,0,0,0,0,0,0,0,0
684,wp60_2007_0.txt,SDG 8,SDG 9,SDG 1,SDG 2,SDG 3,SDG 4,SDG 5,SDG 6,SDG 7,SDG 10,SDG 11,SDG 12,SDG 13,SDG 14,SDG 15,SDG 16,SDG 17
685,Count,1,1,0,0,0,0,0,0,0,0,0,0,0,0,0,0,0
686,Percentage,50,50,0,0,0,0,0,0,0,0,0,0,0,0,0,0,0
687,wp61_2007_0.txt,SDG 8,SDG 9,SDG 1,SDG 2,SDG 3,SDG 4,SDG 5,SDG 6,SDG 7,SDG 10,SDG 11,SDG 12,SDG 13,SDG 14,SDG 15,SDG 16,SDG 17
688,Count,11,2,1,0,0,0,0,0,0,0,0,0,0,0,0,0,0
689,Percentage,78.57,14.29,7.14,0,0,0,0,0,0,0,0,0,0,0,0,0,0
690,wp62_2007_0.txt,SDG 8,SDG 16,SDG 10,SDG 17,SDG 12,SDG 1,SDG 3,SDG 2,SDG 5,SDG 6,SDG 13,SDG 14,SDG 15,SDG 4,SDG 7,SDG 9,SDG 11
691,Count,56,15,7,7,4,3,2,1,1,1,1,1,1,0,0,0,0
692,Percentage,56,15,7,7,4,3,2,1,1,1,1,1,1,0,0,0,0
693,wp63_2008_0.txt,SDG 6,SDG 1,SDG 10,SDG 11,SDG 12,SDG 16,SDG 17,SDG 3,SDG 9,SDG 2,SDG 4,SDG 5,SDG 7,SDG 8,SDG 13,SDG 14,SDG 15
694,Count,22,21,14,5,2,2,2,1,1,0,0,0,0,0,0,0,0
695,Percentage,31.43,30,20,7.14,2.86,2.86,2.86,1.43,1.43,0,0,0,0,0,0,0,0
696,wp64_2008_0.txt,SDG 9,SDG 8,SDG 1,SDG 2,SDG 3,SDG 4,SDG 5,SDG 6,SDG 7,SDG 10,SDG 11,SDG 12,SDG 13,SDG 14,SDG 15,SDG 16,SDG 17
697,Count,3,1,0,0,0,0,0,0,0,0,0,0,0,0,0,0,0
698,Percentage,75,25,0,0,0,0,0,0,0,0,0,0,0,0,0,0,0
699,wp65_2008_0.txt,SDG 1,SDG 16,SDG 8,SDG 10,SDG 3,SDG 6,SDG 5,SDG 2,SDG 15,SDG 4,SDG 11,SDG 17,SDG 7,SDG 9,SDG 12,SDG 13,SDG 14
700,Count,105,17,14,13,9,4,3,2,2,1,1,1,0,0,0,0,0
701,Percentage,61.05,9.88,8.14,7.56,5.23,2.33,1.74,1.16,1.16,0.58,0.58,0.58,0,0,0,0,0
702,wp66_2008_0.txt,SDG 8,SDG 17,SDG 11,SDG 1,SDG 2,SDG 3,SDG 4,SDG 5,SDG 6,SDG 7,SDG 9,SDG 10,SDG 12,SDG 13,SDG 14,SDG 15,SDG 16
703,Count,23,2,1,0,0,0,0,0,0,0,0,0,0,0,0,0,0
704,Percentage,88.46,7.69,3.85,0,0,0,0,0,0,0,0,0,0,0,0,0,0
705,wp67_2008_0.txt,SDG 2,SDG 8,SDG 1,SDG 10,SDG 17,SDG 9,SDG 16,SDG 13,SDG 4,SDG 7,SDG 15,SDG 3,SDG 5,SDG 6,SDG 11,SDG 12,SDG 14
706,Count,41,24,15,12,12,8,3,2,1,1,1,0,0,0,0,0,0
707,Percentage,34.17,20,12.5,10,10,6.67,2.5,1.67,0.83,0.83,0.83,0,0,0,0,0,0
708,wp68_2008_0.txt,SDG 1,SDG 3,SDG 17,SDG 8,SDG 4,SDG 6,SDG 10,SDG 5,SDG 16,SDG 12,SDG 2,SDG 7,SDG 9,SDG 11,SDG 13,SDG 14,SDG 15
709,Count,77,36,32,26,20,18,17,2,2,1,0,0,0,0,0,0,0
710,Percentage,33.33,15.58,13.85,11.26,8.66,7.79,7.36,0.87,0.87,0.43,0,0,0,0,0,0,0
711,wp69_2008_0.txt,SDG 17,SDG 8,SDG 9,SDG 1,SDG 2,SDG 3,SDG 4,SDG 5,SDG 6,SDG 7,SDG 10,SDG 11,SDG 12,SDG 13,SDG 14,SDG 15,SDG 16
712,Count,37,7,1,0,0,0,0,0,0,0,0,0,0,0,0,0,0
713,Percentage,82.22,15.56,2.22,0,0,0,0,0,0,0,0,0,0,0,0,0,0
714,wp70_2008_0.txt,SDG 2,SDG 1,SDG 3,SDG 4,SDG 5,SDG 6,SDG 7,SDG 8,SDG 9,SDG 10,SDG 11,SDG 12,SDG 13,SDG 14,SDG 15,SDG 16,SDG 17
715,Count,50,8,0,0,0,0,0,0,0,0,0,0,0,0,0,0,0
716,Percentage,86.21,13.79,0,0,0,0,0,0,0,0,0,0,0,0,0,0,0
717,wp71_2008_0.txt,SDG 17,SDG 13,SDG 3,SDG 9,SDG 1,SDG 8,SDG 15,SDG 16,SDG 2,SDG 12,SDG 10,SDG 7,SDG 4,SDG 5,SDG 6,SDG 11,SDG 14
718,Count,132,33,31,24,11,10,5,5,3,3,2,1,0,0,0,0,0
719,Percentage,50.77,12.69,11.92,9.23,4.23,3.85,1.92,1.92,1.15,1.15,0.77,0.38,0,0,0,0,0
720,wp72_2009_0.txt,SDG 16,SDG 3,SDG 8,SDG 10,SDG 17,SDG 9,SDG 1,SDG 2,SDG 4,SDG 5,SDG 6,SDG 7,SDG 11,SDG 12,SDG 13,SDG 14,SDG 15
721,Count,189,10,5,4,2,1,0,0,0,0,0,0,0,0,0,0,0
722,Percentage,89.57,4.74,2.37,1.9,0.95,0.47,0,0,0,0,0,0,0,0,0,0,0
723,wp73_2009_0.txt,SDG 13,SDG 17,SDG 1,SDG 8,SDG 16,SDG 10,SDG 3,SDG 2,SDG 4,SDG 5,SDG 6,SDG 7,SDG 9,SDG 11,SDG 12,SDG 14,SDG 15
724,Count,97,6,5,5,4,3,1,0,0,0,0,0,0,0,0,0,0
725,Percentage,80.17,4.96,4.13,4.13,3.31,2.48,0.83,0,0,0,0,0,0,0,0,0,0
726,wp74_2009_0.txt,SDG 1,SDG 3,SDG 6,SDG 8,SDG 4,SDG 17,SDG 5,SDG 10,SDG 16,SDG 2,SDG 7,SDG 9,SDG 11,SDG 12,SDG 13,SDG 14,SDG 15
727,Count,21,20,12,11,6,6,1,1,1,0,0,0,0,0,0,0,0
728,Percentage,26.58,25.32,15.19,13.92,7.59,7.59,1.27,1.27,1.27,0,0,0,0,0,0,0,0
729,wp75_2009_0.txt,SDG 16,SDG 1,SDG 10,SDG 8,SDG 17,SDG 4,SDG 2,SDG 3,SDG 5,SDG 6,SDG 7,SDG 9,SDG 11,SDG 12,SDG 13,SDG 14,SDG 15
730,Count,94,60,6,4,2,1,0,0,0,0,0,0,0,0,0,0,0
731,Percentage,56.29,35.93,3.59,2.4,1.2,0.6,0,0,0,0,0,0,0,0,0,0,0
732,wp76_2009_0.txt,SDG 17,SDG 8,SDG 6,SDG 3,SDG 11,SDG 12,SDG 10,SDG 1,SDG 2,SDG 4,SDG 5,SDG 7,SDG 9,SDG 13,SDG 14,SDG 15,SDG 16
733,Count,28,14,3,2,2,2,1,0,0,0,0,0,0,0,0,0,0
734,Percentage,53.85,26.92,5.77,3.85,3.85,3.85,1.92,0,0,0,0,0,0,0,0,0,0
735,wp77_2009_0.txt,SDG 8,SDG 16,SDG 17,SDG 1,SDG 10,SDG 2,SDG 3,SDG 4,SDG 5,SDG 6,SDG 7,SDG 9,SDG 11,SDG 12,SDG 13,SDG 14,SDG 15
736,Count,11,5,5,3,2,0,0,0,0,0,0,0,0,0,0,0,0
737,Percentage,42.31,19.23,19.23,11.54,7.69,0,0,0,0,0,0,0,0,0,0,0,0
738,wp78_2009_0.txt,SDG 10,SDG 1,SDG 8,SDG 17,SDG 3,SDG 4,SDG 16,SDG 9,SDG 2,SDG 5,SDG 6,SDG 7,SDG 11,SDG 12,SDG 13,SDG 14,SDG 15
739,Count,17,10,9,7,3,2,2,1,0,0,0,0,0,0,0,0,0
740,Percentage,33.33,19.61,17.65,13.73,5.88,3.92,3.92,1.96,0,0,0,0,0,0,0,0,0
741,wp79_2009_0.txt,SDG 1,SDG 2,SDG 4,SDG 16,SDG 17,SDG 3,SDG 5,SDG 6,SDG 7,SDG 8,SDG 9,SDG 10,SDG 11,SDG 12,SDG 13,SDG 14,SDG 15
742,Count,70,2,1,1,1,0,0,0,0,0,0,0,0,0,0,0,0
743,Percentage,93.33,2.67,1.33,1.33,1.33,0,0,0,0,0,0,0,0,0,0,0,0
744,wp80_2009_0.txt,SDG 1,SDG 8,SDG 3,SDG 5,SDG 2,SDG 11,SDG 6,SDG 16,SDG 4,SDG 7,SDG 9,SDG 10,SDG 12,SDG 13,SDG 14,SDG 15,SDG 17
745,Count,29,10,7,3,2,2,1,1,0,0,0,0,0,0,0,0,0
746,Percentage,52.73,18.18,12.73,5.45,3.64,3.64,1.82,1.82,0,0,0,0,0,0,0,0,0
747,wp81_2009_0.txt,SDG 8,SDG 1,SDG 3,SDG 2,SDG 4,SDG 10,SDG 5,SDG 6,SDG 7,SDG 9,SDG 11,SDG 12,SDG 13,SDG 14,SDG 15,SDG 16,SDG 17
748,Count,15,13,5,4,1,1,0,0,0,0,0,0,0,0,0,0,0
749,Percentage,38.46,33.33,12.82,10.26,2.56,2.56,0,0,0,0,0,0,0,0,0,0,0
750,wp82_2009_0.txt,SDG 8,SDG 1,SDG 2,SDG 3,SDG 4,SDG 10,SDG 16,SDG 17,SDG 5,SDG 6,SDG 7,SDG 9,SDG 11,SDG 12,SDG 13,SDG 14,SDG 15
751,Count,113,41,1,1,1,1,1,1,0,0,0,0,0,0,0,0,0
752,Percentage,70.62,25.62,0.62,0.62,0.62,0.62,0.62,0.62,0,0,0,0,0,0,0,0,0
753,wp83_2009_0.txt,SDG 8,SDG 1,SDG 10,SDG 2,SDG 11,SDG 16,SDG 3,SDG 4,SDG 5,SDG 6,SDG 7,SDG 9,SDG 12,SDG 13,SDG 14,SDG 15,SDG 17
754,Count,29,18,3,1,1,1,0,0,0,0,0,0,0,0,0,0,0
755,Percentage,54.72,33.96,5.66,1.89,1.89,1.89,0,0,0,0,0,0,0,0,0,0,0
756,wp84_2009_0.txt,SDG 8,SDG 3,SDG 1,SDG 2,SDG 10,SDG 16,SDG 4,SDG 5,SDG 6,SDG 7,SDG 9,SDG 11,SDG 12,SDG 13,SDG 14,SDG 15,SDG 17
757,Count,47,33,25,3,2,2,0,0,0,0,0,0,0,0,0,0,0
758,Percentage,41.96,29.46,22.32,2.68,1.79,1.79,0,0,0,0,0,0,0,0,0,0,0
759,wp85_2009_0.txt,SDG 13,SDG 9,SDG 11,SDG 1,SDG 8,SDG 17,SDG 2,SDG 16,SDG 15,SDG 3,SDG 4,SDG 5,SDG 6,SDG 7,SDG 10,SDG 12,SDG 14
760,Count,26,24,19,14,12,10,9,4,1,0,0,0,0,0,0,0,0
761,Percentage,21.85,20.17,15.97,11.76,10.08,8.4,7.56,3.36,0.84,0,0,0,0,0,0,0,0
762,wp86_2009.txt,SDG 8,SDG 17,SDG 10,SDG 1,SDG 9,SDG 16,SDG 12,SDG 2,SDG 3,SDG 4,SDG 5,SDG 6,SDG 7,SDG 11,SDG 13,SDG 14,SDG 15
763,Count,21,8,6,5,4,2,1,0,0,0,0,0,0,0,0,0,0
764,Percentage,44.68,17.02,12.77,10.64,8.51,4.26,2.13,0,0,0,0,0,0,0,0,0,0
765,wp87_2009.txt,SDG 8,SDG 1,SDG 10,SDG 3,SDG 17,SDG 9,SDG 4,SDG 12,SDG 2,SDG 5,SDG 6,SDG 7,SDG 11,SDG 13,SDG 14,SDG 15,SDG 16
766,Count,41,17,7,6,5,4,1,1,0,0,0,0,0,0,0,0,0
767,Percentage,50,20.73,8.54,7.32,6.1,4.88,1.22,1.22,0,0,0,0,0,0,0,0,0
768,wp88_2009.txt,SDG 8,SDG 16,SDG 9,SDG 1,SDG 2,SDG 17,SDG 11,SDG 3,SDG 4,SDG 5,SDG 6,SDG 7,SDG 10,SDG 12,SDG 13,SDG 14,SDG 15
769,Count,17,7,6,5,4,3,1,0,0,0,0,0,0,0,0,0,0
770,Percentage,39.53,16.28,13.95,11.63,9.3,6.98,2.33,0,0,0,0,0,0,0,0,0,0
771,wp89_2009.txt,SDG 8,SDG 1,SDG 3,SDG 4,SDG 5,SDG 11,SDG 15,SDG 2,SDG 6,SDG 7,SDG 9,SDG 10,SDG 12,SDG 13,SDG 14,SDG 16,SDG 17
772,Count,98,28,2,2,1,1,1,0,0,0,0,0,0,0,0,0,0
773,Percentage,73.68,21.05,1.5,1.5,0.75,0.75,0.75,0,0,0,0,0,0,0,0,0,0
774,wp90_2009.txt,SDG 8,SDG 1,SDG 16,SDG 17,SDG 2,SDG 9,SDG 3,SDG 6,SDG 4,SDG 5,SDG 7,SDG 10,SDG 11,SDG 12,SDG 13,SDG 14,SDG 15
775,Count,29,18,3,3,2,2,1,1,0,0,0,0,0,0,0,0,0
776,Percentage,49.15,30.51,5.08,5.08,3.39,3.39,1.69,1.69,0,0,0,0,0,0,0,0,0
777,wp91_2009.txt,SDG 1,SDG 16,SDG 5,SDG 11,SDG 2,SDG 10,SDG 6,SDG 8,SDG 3,SDG 4,SDG 7,SDG 9,SDG 12,SDG 13,SDG 14,SDG 15,SDG 17
778,Count,64,6,4,3,2,2,1,1,0,0,0,0,0,0,0,0,0
779,Percentage,77.11,7.23,4.82,3.61,2.41,2.41,1.2,1.2,0,0,0,0,0,0,0,0,0
780,wp92_2010.txt,SDG 1,SDG 8,SDG 10,SDG 3,SDG 2,SDG 17,SDG 9,SDG 12,SDG 4,SDG 5,SDG 6,SDG 7,SDG 11,SDG 13,SDG 14,SDG 15,SDG 16
781,Count,99,40,16,13,10,4,3,1,0,0,0,0,0,0,0,0,0
782,Percentage,53.23,21.51,8.6,6.99,5.38,2.15,1.61,0.54,0,0,0,0,0,0,0,0,0
783,wp94_2010.txt,SDG 8,SDG 1,SDG 10,SDG 4,SDG 16,SDG 2,SDG 3,SDG 5,SDG 6,SDG 7,SDG 9,SDG 11,SDG 12,SDG 13,SDG 14,SDG 15,SDG 17
784,Count,22,14,8,1,1,0,0,0,0,0,0,0,0,0,0,0,0
785,Percentage,47.83,30.43,17.39,2.17,2.17,0,0,0,0,0,0,0,0,0,0,0,0
786,wp95_2010.txt,SDG 7,SDG 17,SDG 10,SDG 13,SDG 8,SDG 9,SDG 1,SDG 2,SDG 3,SDG 4,SDG 5,SDG 6,SDG 11,SDG 12,SDG 14,SDG 15,SDG 16
787,Count,97,12,9,9,3,2,0,0,0,0,0,0,0,0,0,0,0
788,Percentage,73.48,9.09,6.82,6.82,2.27,1.52,0,0,0,0,0,0,0,0,0,0,0
789,wp96_2010.txt,SDG 13,SDG 8,SDG 6,SDG 7,SDG 10,SDG 15,SDG 1,SDG 2,SDG 3,SDG 4,SDG 5,SDG 9,SDG 11,SDG 12,SDG 14,SDG 16,SDG 17
790,Count,17,10,2,2,2,2,0,0,0,0,0,0,0,0,0,0,0
791,Percentage,48.57,28.57,5.71,5.71,5.71,5.71,0,0,0,0,0,0,0,0,0,0,0
792,wp97_2010.txt,SDG 1,SDG 8,SDG 16,SDG 10,SDG 2,SDG 17,SDG 13,SDG 3,SDG 15,SDG 11,SDG 5,SDG 7,SDG 9,SDG 12,SDG 6,SDG 4,SDG 14
793,Count,56,39,29,27,26,26,24,11,6,4,3,2,2,2,1,0,0
794,Percentage,21.71,15.12,11.24,10.47,10.08,10.08,9.3,4.26,2.33,1.55,1.16,0.78,0.78,0.78,0.39,0,0
795,wp98_2010.txt,SDG 8,SDG 1,SDG 16,SDG 10,SDG 3,SDG 11,SDG 4,SDG 9,SDG 17,SDG 7,SDG 13,SDG 2,SDG 5,SDG 6,SDG 12,SDG 14,SDG 15
796,Count,48,35,10,8,6,4,3,2,2,1,1,0,0,0,0,0,0
797,Percentage,40,29.17,8.33,6.67,5,3.33,2.5,1.67,1.67,0.83,0.83,0,0,0,0,0,0
798,wp99_2010.txt,SDG 8,SDG 10,SDG 17,SDG 1,SDG 4,SDG 2,SDG 3,SDG 5,SDG 6,SDG 7,SDG 9,SDG 11,SDG 12,SDG 13,SDG 14,SDG 15,SDG 16
799,Count,81,17,9,3,2,0,0,0,0,0,0,0,0,0,0,0,0
800,Percentage,72.32,15.18,8.04,2.68,1.79,0,0,0,0,0,0,0,0,0,0,0,0