num,key,var,doc-per,1st,2nd,3rd,4th,5th,6th,7th,8th,9th,10th,11th,12th,13th,14th,15th,16th,17th
0,1995wess_clean_0.txt,SDG,1995wess_clean_0.txt,SDG 8,SDG 1,SDG 17,SDG 9,SDG 10,SDG 2,SDG 3,SDG 4,SDG 16,SDG 11,SDG 7,SDG 12,SDG 15,SDG 5,SDG 6,SDG 13,SDG 14
2,1995wess_clean_0.txt,Percentage,Percentage,32.31,21.43,13.8,8.93,8.93,6.17,3.08,2.44,0.81,0.65,0.49,0.32,0.32,0.16,0.16,0,0
3,1996wess_clean_0.txt,SDG,1996wess_clean_0.txt,SDG 8,SDG 17,SDG 7,SDG 6,SDG 11,SDG 2,SDG 10,SDG 1,SDG 9,SDG 15,SDG 16,SDG 4,SDG 3,SDG 12,SDG 13,SDG 5,SDG 14
5,1996wess_clean_0.txt,Percentage,Percentage,40.58,14.09,9.34,8.66,4.92,4.75,4.41,4.24,2.55,2.04,1.53,1.19,0.85,0.51,0.34,0,0
6,1997wess_clean_0.txt,SDG,1997wess_clean_0.txt,SDG 8,SDG 3,SDG 17,SDG 1,SDG 7,SDG 10,SDG 13,SDG 2,SDG 9,SDG 16,SDG 4,SDG 11,SDG 12,SDG 6,SDG 15,SDG 5,SDG 14
8,1997wess_clean_0.txt,Percentage,Percentage,27.94,27.51,11.85,8.47,7.41,4.55,3.92,1.8,1.48,1.48,1.27,0.95,0.95,0.21,0.21,0,0
9,1998wess_clean_0.txt,SDG,1998wess_clean_0.txt,SDG 8,SDG 17,SDG 2,SDG 10,SDG 1,SDG 7,SDG 9,SDG 16,SDG 4,SDG 11,SDG 5,SDG 12,SDG 3,SDG 6,SDG 13,SDG 14,SDG 15
11,1998wess_clean_0.txt,Percentage,Percentage,63.4,14.04,6.38,5.11,4.68,1.28,1.28,1.28,0.85,0.85,0.43,0.43,0,0,0,0,0
12,1999wess_part2_0.txt,SDG,1999wess_part2_0.txt,SDG 8,SDG 9,SDG 17,SDG 10,SDG 1,SDG 16,SDG 5,SDG 2,SDG 3,SDG 11,SDG 4,SDG 6,SDG 7,SDG 12,SDG 13,SDG 14,SDG 15
14,1999wess_part2_0.txt,Percentage,Percentage,62.98,10.1,9.62,6.25,4.81,2.4,1.44,0.96,0.96,0.48,0,0,0,0,0,0,0
15,2000wess_part2_0.txt,SDG,2000wess_part2_0.txt,SDG 8,SDG 2,SDG 4,SDG 9,SDG 1,SDG 10,SDG 17,SDG 16,SDG 3,SDG 6,SDG 5,SDG 7,SDG 15,SDG 11,SDG 12,SDG 13,SDG 14
17,2000wess_part2_0.txt,Percentage,Percentage,30.63,15.32,13.51,10.14,8.33,7.66,5.86,4.05,2.03,0.68,0.45,0.45,0.45,0.23,0.23,0,0
18,2001_World_Public_Sector_Report_0.txt,SDG,2001_World_Public_Sector_Report_0.txt,SDG 16,SDG 8,SDG 1,SDG 10,SDG 17,SDG 3,SDG 4,SDG 9,SDG 11,SDG 6,SDG 13,SDG 15,SDG 2,SDG 5,SDG 7,SDG 12,SDG 14
20,2001_World_Public_Sector_Report_0.txt,Percentage,Percentage,31.57,18.43,14.65,8.08,7.83,6.82,2.53,2.53,2.53,1.52,1.26,1.26,0.51,0.51,0,0,0
21,2001wess_part2_0.txt,SDG,2001wess_part2_0.txt,SDG 8,SDG 1,SDG 17,SDG 2,SDG 15,SDG 11,SDG 3,SDG 10,SDG 13,SDG 9,SDG 6,SDG 16,SDG 4,SDG 7,SDG 14,SDG 5,SDG 12
23,2001wess_part2_0.txt,Percentage,Percentage,20,14.69,12.65,11.43,10.2,9.39,6.94,4.49,2.86,2.04,1.63,1.63,1.22,0.41,0.41,0,0
24,2002wess_part2_0.txt,SDG,2002wess_part2_0.txt,SDG 3,SDG 9,SDG 4,SDG 8,SDG 1,SDG 2,SDG 7,SDG 17,SDG 10,SDG 16,SDG 6,SDG 11,SDG 5,SDG 12,SDG 13,SDG 14,SDG 15
26,2002wess_part2_0.txt,Percentage,Percentage,32.73,18.99,10.15,9.17,8.84,8.67,3.11,2.62,1.96,1.47,0.98,0.98,0.33,0,0,0,0
27,2003_World_Public_Sector_Report_0.txt,SDG,2003_World_Public_Sector_Report_0.txt,SDG 16,SDG 9,SDG 17,SDG 4,SDG 1,SDG 8,SDG 11,SDG 3,SDG 10,SDG 5,SDG 2,SDG 7,SDG 12,SDG 15,SDG 6,SDG 13,SDG 14
29,2003_World_Public_Sector_Report_0.txt,Percentage,Percentage,26.09,13.91,11.74,10.43,8.7,7.83,6.52,5.22,3.91,1.74,1.3,0.87,0.87,0.87,0,0,0
30,2003_World_Youth_Report_0.txt,SDG,2003_World_Youth_Report_0.txt,SDG 3,SDG 8,SDG 1,SDG 4,SDG 10,SDG 16,SDG 5,SDG 2,SDG 9,SDG 11,SDG 15,SDG 6,SDG 12,SDG 7,SDG 17,SDG 13,SDG 14
32,2003_World_Youth_Report_0.txt,Percentage,Percentage,36.38,16.45,10.78,9.55,7.13,7.13,4.1,3.14,2.08,1.07,0.79,0.56,0.45,0.22,0.17,0,0
33,2003wess_part2_0.txt,SDG,2003wess_part2_0.txt,SDG 1,SDG 8,SDG 2,SDG 17,SDG 10,SDG 3,SDG 9,SDG 15,SDG 11,SDG 16,SDG 4,SDG 6,SDG 7,SDG 5,SDG 12,SDG 13,SDG 14
35,2003wess_part2_0.txt,Percentage,Percentage,40.86,22.8,10.75,9.57,7.1,2.37,2.37,1.51,0.86,0.75,0.65,0.22,0.22,0,0,0,0
36,2004wess_part2_0.txt,SDG,2004wess_part2_0.txt,SDG 10,SDG 8,SDG 16,SDG 1,SDG 17,SDG 4,SDG 3,SDG 9,SDG 5,SDG 2,SDG 11,SDG 15,SDG 6,SDG 7,SDG 12,SDG 13,SDG 14
38,2004wess_part2_0.txt,Percentage,Percentage,73.5,9.51,3.5,3.4,2.91,2.72,1.84,0.78,0.68,0.49,0.39,0.19,0.1,0,0,0,0
45,2005_rwss_0.txt,SDG,2005_rwss_0.txt,SDG 1,SDG 10,SDG 8,SDG 3,SDG 16,SDG 17,SDG 4,SDG 2,SDG 5,SDG 15,SDG 13,SDG 9,SDG 6,SDG 7,SDG 11,SDG 12,SDG 14
47,2005_rwss_0.txt,Percentage,Percentage,24.71,23.94,22.01,12.36,4.25,3.99,2.7,2.57,1.67,0.9,0.51,0.39,0,0,0,0,0
39,2005_World_Public_Sector_Report_0.txt,SDG,2005_World_Public_Sector_Report_0.txt,SDG 3,SDG 16,SDG 10,SDG 8,SDG 17,SDG 4,SDG 1,SDG 9,SDG 15,SDG 5,SDG 2,SDG 6,SDG 7,SDG 11,SDG 12,SDG 13,SDG 14
41,2005_World_Public_Sector_Report_0.txt,Percentage,Percentage,40.72,17.53,10.82,9.28,8.25,7.73,3.09,1.03,1.03,0.52,0,0,0,0,0,0,0
42,2005_World_Youth_Report_0.txt,SDG,2005_World_Youth_Report_0.txt,SDG 16,SDG 3,SDG 1,SDG 10,SDG 8,SDG 5,SDG 4,SDG 2,SDG 9,SDG 6,SDG 17,SDG 11,SDG 12,SDG 15,SDG 7,SDG 13,SDG 14
44,2005_World_Youth_Report_0.txt,Percentage,Percentage,21.81,18.83,14.54,10.9,10.72,9.69,7.46,2.05,1.3,0.84,0.75,0.47,0.28,0.28,0.09,0,0
48,2005wess_0.txt,SDG,2005wess_0.txt,SDG 17,SDG 8,SDG 10,SDG 1,SDG 16,SDG 2,SDG 9,SDG 4,SDG 11,SDG 13,SDG 3,SDG 6,SDG 12,SDG 5,SDG 7,SDG 14,SDG 15
50,2005wess_0.txt,Percentage,Percentage,26.9,24.14,19.59,12.55,3.72,3.59,3.45,2.07,1.93,0.97,0.83,0.14,0.14,0,0,0,0
51,2006wess_0.txt,SDG,2006wess_0.txt,SDG 8,SDG 10,SDG 17,SDG 16,SDG 1,SDG 9,SDG 2,SDG 4,SDG 3,SDG 11,SDG 7,SDG 5,SDG 6,SDG 12,SDG 13,SDG 14,SDG 15
53,2006wess_0.txt,Percentage,Percentage,43.04,16.62,14.91,7.39,6.39,4.12,3.12,2.7,1.14,0.43,0.14,0,0,0,0,0,0
57,2007_rwss_0.txt,SDG,2007_rwss_0.txt,SDG 8,SDG 1,SDG 10,SDG 3,SDG 4,SDG 2,SDG 5,SDG 16,SDG 17,SDG 9,SDG 11,SDG 6,SDG 15,SDG 7,SDG 12,SDG 13,SDG 14
59,2007_rwss_0.txt,Percentage,Percentage,50.64,18.13,17.04,4.53,3.94,1.38,1.38,1.18,0.99,0.3,0.3,0.1,0.1,0,0,0,0
54,2007_World_Youth_Report_0.txt,SDG,2007_World_Youth_Report_0.txt,SDG 3,SDG 8,SDG 4,SDG 1,SDG 10,SDG 16,SDG 5,SDG 2,SDG 9,SDG 11,SDG 7,SDG 6,SDG 17,SDG 12,SDG 13,SDG 15,SDG 14
56,2007_World_Youth_Report_0.txt,Percentage,Percentage,38.21,27.99,11.41,7.42,5.74,3.36,1.61,1.26,0.84,0.77,0.49,0.28,0.28,0.14,0.14,0.07,0
60,2007wess_0.txt,SDG,2007wess_0.txt,SDG 3,SDG 1,SDG 8,SDG 10,SDG 4,SDG 16,SDG 9,SDG 2,SDG 17,SDG 6,SDG 11,SDG 5,SDG 13,SDG 7,SDG 12,SDG 14,SDG 15
62,2007wess_0.txt,Percentage,Percentage,27.97,25.7,22.9,8.22,6.29,2.8,1.75,1.4,1.05,0.87,0.52,0.35,0.17,0,0,0,0
63,2008_public_sector_report-out_0.txt,SDG,2008_public_sector_report-out_0.txt,SDG 16,SDG 1,SDG 11,SDG 8,SDG 17,SDG 10,SDG 4,SDG 3,SDG 2,SDG 5,SDG 9,SDG 12,SDG 15,SDG 6,SDG 7,SDG 13,SDG 14
65,2008_public_sector_report-out_0.txt,Percentage,Percentage,45.38,18.46,10,8.85,4.62,3.85,3.08,2.69,0.77,0.77,0.77,0.38,0.38,0,0,0,0
66,2008wess_0.txt,SDG,2008wess_0.txt,SDG 1,SDG 8,SDG 2,SDG 10,SDG 17,SDG 16,SDG 11,SDG 13,SDG 3,SDG 9,SDG 4,SDG 15,SDG 6,SDG 7,SDG 12,SDG 5,SDG 14
68,2008wess_0.txt,Percentage,Percentage,26.08,24.51,9.13,8.34,6.52,6.26,5.48,4.95,3,1.96,1.69,0.91,0.52,0.39,0.26,0,0
69,2009_ageing-out_0.txt,SDG,2009_ageing-out_0.txt,SDG 1,SDG 3,SDG 8,SDG 4,SDG 2,SDG 5,SDG 6,SDG 7,SDG 9,SDG 10,SDG 11,SDG 12,SDG 13,SDG 14,SDG 15,SDG 16,SDG 17
71,2009_ageing-out_0.txt,Percentage,Percentage,57.89,21.05,15.79,5.26,0,0,0,0,0,0,0,0,0,0,0,0,0
72,2009_cdp_mdghealth_0.txt,SDG,2009_cdp_mdghealth_0.txt,SDG 3,SDG 10,SDG 5,SDG 1,SDG 2,SDG 8,SDG 17,SDG 9,SDG 4,SDG 11,SDG 13,SDG 16,SDG 6,SDG 7,SDG 12,SDG 14,SDG 15
74,2009_cdp_mdghealth_0.txt,Percentage,Percentage,63.79,9.2,8.05,5.17,3.45,3.16,3.16,1.44,0.57,0.57,0.57,0.57,0.29,0,0,0,0
75,2009_cdp_policynote_0.txt,SDG,2009_cdp_policynote_0.txt,SDG 13,SDG 7,SDG 8,SDG 1,SDG 17,SDG 2,SDG 9,SDG 15,SDG 3,SDG 16,SDG 6,SDG 10,SDG 11,SDG 12,SDG 14,SDG 4,SDG 5
77,2009_cdp_policynote_0.txt,Percentage,Percentage,47.92,11.46,7.81,5.21,5.21,4.17,4.17,3.65,3.12,3.12,1.56,1.04,0.52,0.52,0.52,0,0
78,2009_women_in_development-out_0.txt,SDG,2009_women_in_development-out_0.txt,SDG 8,SDG 5,SDG 1,SDG 10,SDG 3,SDG 4,SDG 11,SDG 2,SDG 17,SDG 15,SDG 9,SDG 16,SDG 6,SDG 13,SDG 7,SDG 12,SDG 14
80,2009_women_in_development-out_0.txt,Percentage,Percentage,27.85,21.62,17.62,11.46,9.15,2.54,2.54,1.62,1.62,1.15,1,0.62,0.54,0.54,0.15,0,0
81,2009wess_0.txt,SDG,2009wess_0.txt,SDG 13,SDG 7,SDG 17,SDG 15,SDG 1,SDG 8,SDG 9,SDG 10,SDG 2,SDG 11,SDG 6,SDG 12,SDG 3,SDG 16,SDG 4,SDG 14,SDG 5
83,2009wess_0.txt,Percentage,Percentage,36.88,17.94,7.89,7.79,5.58,4.47,4.26,2.52,2.47,2.37,2.26,1.79,1.74,1.1,0.74,0.21,0
87,2010_cdpreport_0.txt,SDG,2010_cdpreport_0.txt,SDG 10,SDG 17,SDG 8,SDG 13,SDG 1,SDG 2,SDG 9,SDG 16,SDG 6,SDG 7,SDG 12,SDG 3,SDG 4,SDG 5,SDG 11,SDG 14,SDG 15
89,2010_cdpreport_0.txt,Percentage,Percentage,32.08,27.67,8.81,8.81,8.18,5.66,3.14,3.14,1.26,0.63,0.63,0,0,0,0,0,0
90,2010_parliament-out_0.txt,SDG,2010_parliament-out_0.txt,SDG 9,SDG 7,SDG 16,SDG 11,SDG 4,SDG 17,SDG 10,SDG 1,SDG 3,SDG 8,SDG 12,SDG 2,SDG 5,SDG 6,SDG 13,SDG 14,SDG 15
92,2010_parliament-out_0.txt,Percentage,Percentage,34.74,12.63,12.63,9.47,8.42,8.42,5.26,2.11,2.11,2.11,2.11,0,0,0,0,0,0
93,2010_post_conflict-out_0.txt,SDG,2010_post_conflict-out_0.txt,SDG 16,SDG 10,SDG 5,SDG 8,SDG 1,SDG 11,SDG 3,SDG 4,SDG 17,SDG 15,SDG 6,SDG 9,SDG 7,SDG 2,SDG 12,SDG 13,SDG 14
95,2010_post_conflict-out_0.txt,Percentage,Percentage,42.51,16.47,8.08,8.08,5.39,5.09,4.49,2.99,2.1,1.8,1.5,0.9,0.6,0,0,0,0
96,2010_rwss_0.txt,SDG,2010_rwss_0.txt,SDG 1,SDG 8,SDG 10,SDG 3,SDG 17,SDG 4,SDG 16,SDG 2,SDG 5,SDG 11,SDG 13,SDG 9,SDG 12,SDG 6,SDG 15,SDG 7,SDG 14
98,2010_rwss_0.txt,Percentage,Percentage,45.44,24.04,13.04,4.94,2.64,2.3,2.22,1.88,0.94,0.68,0.6,0.51,0.43,0.26,0.09,0,0
84,2010_YouthReport-out_0.txt,SDG,2010_YouthReport-out_0.txt,SDG 13,SDG 12,SDG 8,SDG 4,SDG 7,SDG 2,SDG 6,SDG 15,SDG 11,SDG 3,SDG 1,SDG 9,SDG 16,SDG 10,SDG 14,SDG 17,SDG 5
86,2010_YouthReport-out_0.txt,Percentage,Percentage,58.94,8.35,6.24,5.29,3.76,3.29,2.82,2.59,2.47,1.29,1.18,1.06,1.06,0.94,0.35,0.35,0
99,2010wess_0.txt,SDG,2010wess_0.txt,SDG 1,SDG 8,SDG 17,SDG 13,SDG 10,SDG 16,SDG 2,SDG 3,SDG 9,SDG 7,SDG 4,SDG 15,SDG 12,SDG 11,SDG 5,SDG 6,SDG 14
101,2010wess_0.txt,Percentage,Percentage,26.28,15.69,15.69,14.02,12.07,3.06,2.97,2.88,2.04,1.76,1.02,1.02,0.74,0.56,0.09,0.09,0
102,2011_disability_and_the_mdgs-out_0.txt,SDG,2011_disability_and_the_mdgs-out_0.txt,SDG 10,SDG 3,SDG 1,SDG 4,SDG 5,SDG 6,SDG 11,SDG 2,SDG 8,SDG 17,SDG 13,SDG 15,SDG 16,SDG 7,SDG 9,SDG 12,SDG 14
104,2011_disability_and_the_mdgs-out_0.txt,Percentage,Percentage,31.75,26.19,22.22,3.97,3.17,3.17,2.38,1.59,1.59,1.59,0.79,0.79,0.79,0,0,0,0
105,2011_rwss_0.txt,SDG,2011_rwss_0.txt,SDG 8,SDG 1,SDG 2,SDG 3,SDG 10,SDG 17,SDG 5,SDG 4,SDG 6,SDG 9,SDG 13,SDG 15,SDG 11,SDG 14,SDG 16,SDG 12,SDG 7
107,2011_rwss_0.txt,Percentage,Percentage,38.06,26.27,13.06,8.12,5.1,2.39,1.75,1.27,1.11,0.64,0.64,0.48,0.32,0.32,0.32,0.16,0
108,2011_youth_report-out_0.txt,SDG,2011_youth_report-out_0.txt,SDG 8,SDG 4,SDG 10,SDG 1,SDG 16,SDG 3,SDG 5,SDG 9,SDG 13,SDG 7,SDG 17,SDG 2,SDG 11,SDG 15,SDG 6,SDG 12,SDG 14
110,2011_youth_report-out_0.txt,Percentage,Percentage,63.74,18.94,4.85,4.39,1.85,1.62,1.15,1.15,0.69,0.46,0.46,0.23,0.23,0.23,0,0,0
111,2011wess_0.txt,SDG,2011wess_0.txt,SDG 7,SDG 13,SDG 9,SDG 2,SDG 17,SDG 15,SDG 8,SDG 1,SDG 11,SDG 6,SDG 12,SDG 10,SDG 4,SDG 3,SDG 16,SDG 14,SDG 5
113,2011wess_0.txt,Percentage,Percentage,17.76,17.14,13.98,10.71,7.14,6.28,5.66,5.56,3.42,3.16,3.06,2.04,1.89,1.22,0.51,0.26,0.2
114,2012_cdp_policynote_0.txt,SDG,2012_cdp_policynote_0.txt,SDG 1,SDG 10,SDG 8,SDG 17,SDG 13,SDG 2,SDG 16,SDG 5,SDG 7,SDG 3,SDG 6,SDG 4,SDG 9,SDG 15,SDG 12,SDG 11,SDG 14
116,2012_cdp_policynote_0.txt,Percentage,Percentage,21.03,18.45,15.02,10.3,8.58,5.15,4.29,3.86,3.43,3,2.15,1.72,1.29,1.29,0.43,0,0
117,2012wess_0.txt,SDG,2012wess_0.txt,SDG 3,SDG 13,SDG 10,SDG 17,SDG 15,SDG 12,SDG 7,SDG 8,SDG 9,SDG 1,SDG 16,SDG 2,SDG 6,SDG 11,SDG 14,SDG 4,SDG 5
119,2012wess_0.txt,Percentage,Percentage,31.07,22.71,17.19,16.32,3.71,2.76,1.89,1.42,0.95,0.63,0.55,0.39,0.16,0.16,0.08,0,0
123,2013_rwss_0.txt,SDG,2013_rwss_0.txt,SDG 10,SDG 8,SDG 1,SDG 3,SDG 4,SDG 2,SDG 11,SDG 16,SDG 5,SDG 6,SDG 17,SDG 13,SDG 14,SDG 7,SDG 9,SDG 12,SDG 15
125,2013_rwss_0.txt,Percentage,Percentage,28.45,20.72,19.41,10.36,8.72,4.11,3.45,1.48,1.15,1.15,0.49,0.33,0.16,0,0,0,0
120,2013_UNTT_mdg8-out_0.txt,SDG,2013_UNTT_mdg8-out_0.txt,SDG 17,SDG 10,SDG 8,SDG 3,SDG 13,SDG 1,SDG 9,SDG 16,SDG 5,SDG 2,SDG 7,SDG 11,SDG 14,SDG 15,SDG 4,SDG 6,SDG 12
122,2013_UNTT_mdg8-out_0.txt,Percentage,Percentage,57.98,10.64,7.98,4.79,4.79,3.72,2.66,2.13,1.6,1.06,1.06,0.53,0.53,0.53,0,0,0
126,2013_youth_report-out_0.txt,SDG,2013_youth_report-out_0.txt,SDG 10,SDG 8,SDG 4,SDG 16,SDG 3,SDG 1,SDG 5,SDG 6,SDG 9,SDG 11,SDG 17,SDG 2,SDG 7,SDG 12,SDG 13,SDG 14,SDG 15
128,2013_youth_report-out_0.txt,Percentage,Percentage,44.03,16.04,10.82,10.82,8.96,4.48,1.87,0.75,0.75,0.75,0.75,0,0,0,0,0,0
129,2013wess_0.txt,SDG,2013wess_0.txt,SDG 2,SDG 13,SDG 11,SDG 8,SDG 7,SDG 1,SDG 12,SDG 10,SDG 15,SDG 6,SDG 9,SDG 17,SDG 3,SDG 16,SDG 4,SDG 14,SDG 5
131,2013wess_0.txt,Percentage,Percentage,18.75,12.59,10.1,9.93,9.08,7.53,6.85,6.42,5.14,3.17,2.91,2.48,2.31,1.03,0.68,0.6,0.43
135,2014_cdp_policynote_0.txt,SDG,2014_cdp_policynote_0.txt,SDG 10,SDG 17,SDG 8,SDG 13,SDG 15,SDG 1,SDG 16,SDG 3,SDG 2,SDG 5,SDG 11,SDG 12,SDG 4,SDG 6,SDG 7,SDG 9,SDG 14
137,2014_cdp_policynote_0.txt,Percentage,Percentage,26.37,21.39,14.43,8.96,7.46,6.47,5.47,2.49,1.49,1.49,1,1,0.5,0.5,0.5,0.5,0
132,2014_Urbanization-out_0.txt,SDG,2014_Urbanization-out_0.txt,SDG 11,SDG 8,SDG 1,SDG 3,SDG 15,SDG 6,SDG 17,SDG 7,SDG 10,SDG 13,SDG 16,SDG 2,SDG 4,SDG 5,SDG 9,SDG 12,SDG 14
134,2014_Urbanization-out_0.txt,Percentage,Percentage,62.5,18.75,4.46,4.46,2.68,1.79,1.79,0.89,0.89,0.89,0.89,0,0,0,0,0,0
138,2014wess_overview_0.txt,SDG,2014wess_overview_0.txt,SDG 10,SDG 1,SDG 8,SDG 13,SDG 17,SDG 5,SDG 3,SDG 12,SDG 14,SDG 2,SDG 15,SDG 16,SDG 4,SDG 6,SDG 7,SDG 9,SDG 11
140,2014wess_overview_0.txt,Percentage,Percentage,38.55,19.88,10.24,10.24,10.24,4.22,2.41,1.2,1.2,0.6,0.6,0.6,0,0,0,0,0
141,2015_GSDR-out_0.txt,SDG,2015_GSDR-out_0.txt,SDG 9,SDG 13,SDG 8,SDG 11,SDG 15,SDG 14,SDG 1,SDG 17,SDG 2,SDG 12,SDG 3,SDG 4,SDG 7,SDG 16,SDG 10,SDG 6,SDG 5
143,2015_GSDR-out_0.txt,Percentage,Percentage,12.04,11.96,10.43,10.11,7.7,7.46,7.3,5.54,4.41,4.09,3.53,3.53,3.13,3.05,2.49,2.17,1.04
144,2015_World_Public_Sector_Report_0.txt,SDG,2015_World_Public_Sector_Report_0.txt,SDG 16,SDG 1,SDG 8,SDG 10,SDG 17,SDG 15,SDG 3,SDG 12,SDG 11,SDG 2,SDG 4,SDG 5,SDG 9,SDG 13,SDG 6,SDG 7,SDG 14
146,2015_World_Public_Sector_Report_0.txt,Percentage,Percentage,42.91,12.15,10.53,7.29,6.07,3.64,2.83,2.83,2.02,1.62,1.62,1.62,1.62,1.21,0.81,0.81,0.4
147,2015_World_Youth_Report_0.txt,SDG,2015_World_Youth_Report_0.txt,SDG 8,SDG 10,SDG 16,SDG 4,SDG 1,SDG 9,SDG 3,SDG 11,SDG 2,SDG 12,SDG 5,SDG 13,SDG 15,SDG 17,SDG 6,SDG 7,SDG 14
149,2015_World_Youth_Report_0.txt,Percentage,Percentage,65.33,8,8,7.73,3.47,3.2,1.33,0.8,0.53,0.53,0.27,0.27,0.27,0.27,0,0,0
150,2016_GSDR_0.txt,SDG,2016_GSDR_0.txt,SDG 10,SDG 1,SDG 9,SDG 8,SDG 11,SDG 3,SDG 16,SDG 6,SDG 2,SDG 13,SDG 5,SDG 15,SDG 4,SDG 7,SDG 17,SDG 12,SDG 14
152,2016_GSDR_0.txt,Percentage,Percentage,14.17,13.61,8.73,8.62,7.71,7.26,7.03,5.44,5.22,5.22,3.85,3.29,3.06,2.61,2.38,1.36,0.45
153,2016_rwss_0.txt,SDG,2016_rwss_0.txt,SDG 10,SDG 1,SDG 8,SDG 16,SDG 3,SDG 4,SDG 5,SDG 2,SDG 17,SDG 11,SDG 13,SDG 7,SDG 9,SDG 6,SDG 15,SDG 12,SDG 14
155,2016_rwss_0.txt,Percentage,Percentage,42.42,21.93,13.21,5.84,4.23,4.23,2.03,1.19,1.1,1.02,1.02,0.68,0.51,0.25,0.25,0.08,0
156,2016wess_0.txt,SDG,2016wess_0.txt,SDG 13,SDG 1,SDG 10,SDG 2,SDG 15,SDG 8,SDG 11,SDG 6,SDG 3,SDG 7,SDG 16,SDG 17,SDG 9,SDG 12,SDG 14,SDG 4,SDG 5
158,2016wess_0.txt,Percentage,Percentage,50.94,12.09,6.44,5.65,5.25,4.36,2.97,2.87,2.18,2.18,1.68,1.68,0.5,0.5,0.3,0.2,0.2
159,2017wess_0.txt,SDG,2017wess_0.txt,SDG 8,SDG 17,SDG 10,SDG 1,SDG 13,SDG 15,SDG 2,SDG 11,SDG 9,SDG 16,SDG 4,SDG 5,SDG 7,SDG 3,SDG 12,SDG 14,SDG 6
161,2017wess_0.txt,Percentage,Percentage,33.29,19.06,12.79,10.25,7.48,3.14,2.41,2.41,2.05,1.69,1.09,0.97,0.97,0.84,0.84,0.6,0.12
168,2018_rwss_0.txt,SDG,2018_rwss_0.txt,SDG 1,SDG 10,SDG 8,SDG 3,SDG 4,SDG 16,SDG 5,SDG 2,SDG 17,SDG 11,SDG 13,SDG 6,SDG 9,SDG 7,SDG 12,SDG 14,SDG 15
170,2018_rwss_0.txt,Percentage,Percentage,58.75,15.86,10.66,6.08,2.95,2.7,0.75,0.69,0.63,0.56,0.19,0.13,0.06,0,0,0,0
162,2018_World_Public-Sector-Report_0.txt,SDG,2018_World_Public-Sector-Report_0.txt,SDG 10,SDG 3,SDG 16,SDG 8,SDG 1,SDG 17,SDG 11,SDG 13,SDG 2,SDG 6,SDG 12,SDG 4,SDG 15,SDG 5,SDG 9,SDG 7,SDG 14
164,2018_World_Public-Sector-Report_0.txt,Percentage,Percentage,27.2,15.38,13.44,8.82,5.91,5.27,4.62,4.09,2.26,2.26,2.26,1.83,1.83,1.4,1.4,1.29,0.75
165,2018_World_Youth_Report_0.txt,SDG,2018_World_Youth_Report_0.txt,SDG 8,SDG 4,SDG 10,SDG 1,SDG 17,SDG 5,SDG 3,SDG 16,SDG 13,SDG 11,SDG 12,SDG 9,SDG 14,SDG 15,SDG 2,SDG 6,SDG 7
167,2018_World_Youth_Report_0.txt,Percentage,Percentage,44.13,18.34,7.09,6.36,5.75,4.65,4.52,2.44,2.32,1.22,1.22,1.1,0.37,0.24,0.12,0.12,0
171,2018wess_0.txt,SDG,2018wess_0.txt,SDG 7,SDG 8,SDG 9,SDG 3,SDG 10,SDG 1,SDG 13,SDG 17,SDG 4,SDG 2,SDG 16,SDG 6,SDG 14,SDG 15,SDG 11,SDG 12,SDG 5
173,2018wess_0.txt,Percentage,Percentage,20.08,16.6,10.68,9.14,8.75,7.46,6.05,6.05,4.12,2.96,2.45,2.06,1.03,1.03,0.77,0.51,0.26
174,CDP_PN_2004_poverty_reduction_0.txt,SDG,CDP_PN_2004_poverty_reduction_0.txt,SDG 16,SDG 1,SDG 8,SDG 17,SDG 10,SDG 7,SDG 2,SDG 3,SDG 9,SDG 13,SDG 4,SDG 5,SDG 6,SDG 11,SDG 12,SDG 14,SDG 15
176,CDP_PN_2004_poverty_reduction_0.txt,Percentage,Percentage,42.65,20.83,13.24,9.8,5.88,2.7,1.23,1.23,0.74,0.74,0.25,0.25,0.25,0.25,0,0,0
177,CDP_PN_2005_sub-saharan_africa_0.txt,SDG,CDP_PN_2005_sub-saharan_africa_0.txt,SDG 10,SDG 1,SDG 8,SDG 3,SDG 16,SDG 17,SDG 2,SDG 4,SDG 5,SDG 6,SDG 15,SDG 11,SDG 7,SDG 9,SDG 12,SDG 13,SDG 14
179,CDP_PN_2005_sub-saharan_africa_0.txt,Percentage,Percentage,19.69,18.15,18.15,14.29,11.58,8.49,4.63,1.54,1.54,0.77,0.77,0.39,0,0,0,0,0
180,CDP_PN_2006_economic_vulnerability_0.txt,SDG,CDP_PN_2006_economic_vulnerability_0.txt,SDG 8,SDG 1,SDG 17,SDG 10,SDG 3,SDG 4,SDG 16,SDG 13,SDG 2,SDG 15,SDG 9,SDG 5,SDG 6,SDG 7,SDG 11,SDG 12,SDG 14
182,CDP_PN_2006_economic_vulnerability_0.txt,Percentage,Percentage,37.62,13.37,12.38,9.41,5.94,5.94,5.94,2.97,2.48,2.48,1.49,0,0,0,0,0,0
183,CDP_PN_2007_Climate_change_0.txt,SDG,CDP_PN_2007_Climate_change_0.txt,SDG 13,SDG 7,SDG 8,SDG 17,SDG 10,SDG 1,SDG 11,SDG 15,SDG 3,SDG 9,SDG 12,SDG 2,SDG 4,SDG 5,SDG 6,SDG 14,SDG 16
185,CDP_PN_2007_Climate_change_0.txt,Percentage,Percentage,60.93,17.88,7.95,4.64,2.65,1.32,1.32,1.32,0.66,0.66,0.66,0,0,0,0,0,0
186,CDP_PN_2007_Partnerhips_0.txt,SDG,CDP_PN_2007_Partnerhips_0.txt,SDG 1,SDG 17,SDG 8,SDG 10,SDG 2,SDG 16,SDG 3,SDG 4,SDG 12,SDG 5,SDG 6,SDG 7,SDG 9,SDG 11,SDG 13,SDG 14,SDG 15
188,CDP_PN_2007_Partnerhips_0.txt,Percentage,Percentage,47.3,22.97,11.49,10.81,2.7,2.03,1.35,0.68,0.68,0,0,0,0,0,0,0,0
189,CDP_PN_2017_productive_capacity_0.txt,SDG,CDP_PN_2017_productive_capacity_0.txt,SDG 8,SDG 10,SDG 17,SDG 2,SDG 1,SDG 16,SDG 3,SDG 4,SDG 9,SDG 5,SDG 7,SDG 15,SDG 11,SDG 13,SDG 6,SDG 14,SDG 12
191,CDP_PN_2017_productive_capacity_0.txt,Percentage,Percentage,22.82,16.99,12.62,11.65,9.71,8.74,3.4,2.43,2.43,1.94,1.94,1.94,1.46,0.97,0.49,0.49,0
192,PN_FinancialPolicyNote_0.txt,SDG,PN_FinancialPolicyNote_0.txt,SDG 8,SDG 10,SDG 1,SDG 17,SDG 16,SDG 2,SDG 9,SDG 5,SDG 3,SDG 4,SDG 6,SDG 7,SDG 11,SDG 12,SDG 13,SDG 14,SDG 15
194,PN_FinancialPolicyNote_0.txt,Percentage,Percentage,41.79,17.91,13.43,10.45,8.96,2.99,2.99,1.49,0,0,0,0,0,0,0,0,0
195,PN_InvestmentTechnologyPolicyNote_0.txt,SDG,PN_InvestmentTechnologyPolicyNote_0.txt,SDG 16,SDG 1,SDG 9,SDG 8,SDG 17,SDG 4,SDG 2,SDG 10,SDG 3,SDG 5,SDG 6,SDG 7,SDG 11,SDG 12,SDG 13,SDG 14,SDG 15
197,PN_InvestmentTechnologyPolicyNote_0.txt,Percentage,Percentage,41.5,15.65,15.65,12.24,8.16,4.08,2.04,0.68,0,0,0,0,0,0,0,0,0
198,PN_MacroBackgroundNote_0.txt,SDG,PN_MacroBackgroundNote_0.txt,SDG 17,SDG 8,SDG 1,SDG 10,SDG 3,SDG 16,SDG 2,SDG 9,SDG 11,SDG 4,SDG 5,SDG 6,SDG 7,SDG 12,SDG 13,SDG 14,SDG 15
200,PN_MacroBackgroundNote_0.txt,Percentage,Percentage,32.79,29.51,15.57,13.93,3.28,2.46,0.82,0.82,0.82,0,0,0,0,0,0,0,0
201,PN_MacroGrowthPolicyNote_0.txt,SDG,PN_MacroGrowthPolicyNote_0.txt,SDG 8,SDG 17,SDG 1,SDG 10,SDG 12,SDG 16,SDG 2,SDG 3,SDG 4,SDG 5,SDG 6,SDG 7,SDG 9,SDG 11,SDG 13,SDG 14,SDG 15
203,PN_MacroGrowthPolicyNote_0.txt,Percentage,Percentage,68.89,19.26,8.89,1.48,0.74,0.74,0,0,0,0,0,0,0,0,0,0,0
207,PN_SocialPolicyNote_0.txt,SDG,PN_SocialPolicyNote_0.txt,SDG 1,SDG 8,SDG 3,SDG 10,SDG 4,SDG 2,SDG 16,SDG 5,SDG 11,SDG 17,SDG 6,SDG 7,SDG 9,SDG 12,SDG 13,SDG 14,SDG 15
209,PN_SocialPolicyNote_0.txt,Percentage,Percentage,30.78,25.96,13.28,12.88,6.44,2.82,2.82,1.81,1.21,0.6,0.4,0.4,0.4,0.2,0,0,0
204,PN_SOEReformNote_0.txt,SDG,PN_SOEReformNote_0.txt,SDG 1,SDG 8,SDG 16,SDG 15,SDG 9,SDG 17,SDG 3,SDG 11,SDG 2,SDG 4,SDG 10,SDG 5,SDG 6,SDG 7,SDG 12,SDG 13,SDG 14
206,PN_SOEReformNote_0.txt,Percentage,Percentage,31.62,22.79,21.32,8.82,6.62,2.94,2.21,1.47,0.74,0.74,0.74,0,0,0,0,0,0
210,PN_TradePolicyNote_0.txt,SDG,PN_TradePolicyNote_0.txt,SDG 2,SDG 17,SDG 3,SDG 1,SDG 8,SDG 6,SDG 14,SDG 7,SDG 16,SDG 11,SDG 10,SDG 4,SDG 9,SDG 15,SDG 5,SDG 12,SDG 13
212,PN_TradePolicyNote_0.txt,Percentage,Percentage,20.32,19.68,14.84,11.61,9.35,4.19,3.55,3.23,2.58,2.26,1.94,1.61,1.61,1.29,0.97,0.97,0
246,policybrief1_0.txt,SDG,policybrief1_0.txt,SDG 8,SDG 17,SDG 1,SDG 2,SDG 3,SDG 4,SDG 5,SDG 6,SDG 7,SDG 9,SDG 10,SDG 11,SDG 12,SDG 13,SDG 14,SDG 15,SDG 16
248,policybrief1_0.txt,Percentage,Percentage,80,20,0,0,0,0,0,0,0,0,0,0,0,0,0,0,0
216,policybrief10_0.txt,SDG,policybrief10_0.txt,SDG 8,SDG 1,SDG 4,SDG 2,SDG 3,SDG 5,SDG 6,SDG 7,SDG 9,SDG 10,SDG 11,SDG 12,SDG 13,SDG 14,SDG 15,SDG 16,SDG 17
218,policybrief10_0.txt,Percentage,Percentage,73.17,24.39,2.44,0,0,0,0,0,0,0,0,0,0,0,0,0,0
219,policybrief11_0.txt,SDG,policybrief11_0.txt,SDG 8,SDG 7,SDG 13,SDG 2,SDG 9,SDG 17,SDG 1,SDG 3,SDG 4,SDG 5,SDG 6,SDG 10,SDG 11,SDG 12,SDG 14,SDG 15,SDG 16
221,policybrief11_0.txt,Percentage,Percentage,36.36,18.18,18.18,9.09,9.09,9.09,0,0,0,0,0,0,0,0,0,0,0
222,policybrief12_0.txt,SDG,policybrief12_0.txt,SDG 8,SDG 2,SDG 7,SDG 17,SDG 1,SDG 13,SDG 11,SDG 9,SDG 15,SDG 6,SDG 10,SDG 3,SDG 4,SDG 12,SDG 5,SDG 14,SDG 16
224,policybrief12_0.txt,Percentage,Percentage,15.58,14.29,14.29,11.69,9.09,7.79,6.49,5.19,5.19,3.9,2.6,1.3,1.3,1.3,0,0,0
225,policybrief13_0.txt,SDG,policybrief13_0.txt,SDG 10,SDG 17,SDG 1,SDG 8,SDG 2,SDG 3,SDG 4,SDG 5,SDG 6,SDG 7,SDG 9,SDG 11,SDG 12,SDG 13,SDG 14,SDG 15,SDG 16
227,policybrief13_0.txt,Percentage,Percentage,40,36,12,12,0,0,0,0,0,0,0,0,0,0,0,0,0
228,policybrief14_0.txt,SDG,policybrief14_0.txt,SDG 8,SDG 1,SDG 4,SDG 9,SDG 10,SDG 2,SDG 3,SDG 5,SDG 6,SDG 7,SDG 11,SDG 12,SDG 13,SDG 14,SDG 15,SDG 16,SDG 17
230,policybrief14_0.txt,Percentage,Percentage,53.85,15.38,15.38,7.69,7.69,0,0,0,0,0,0,0,0,0,0,0,0
231,policybrief15_0.txt,SDG,policybrief15_0.txt,SDG 15,SDG 13,SDG 17,SDG 1,SDG 2,SDG 3,SDG 4,SDG 5,SDG 6,SDG 7,SDG 8,SDG 9,SDG 10,SDG 11,SDG 12,SDG 14,SDG 16
233,policybrief15_0.txt,Percentage,Percentage,71.3,26.96,1.74,0,0,0,0,0,0,0,0,0,0,0,0,0,0
234,policybrief16_0.txt,SDG,policybrief16_0.txt,SDG 15,SDG 13,SDG 1,SDG 2,SDG 17,SDG 16,SDG 3,SDG 4,SDG 5,SDG 6,SDG 7,SDG 8,SDG 9,SDG 10,SDG 11,SDG 12,SDG 14
236,policybrief16_0.txt,Percentage,Percentage,65.91,30.11,1.14,1.14,1.14,0.57,0,0,0,0,0,0,0,0,0,0,0
237,policybrief17_0.txt,SDG,policybrief17_0.txt,SDG 13,SDG 1,SDG 7,SDG 2,SDG 8,SDG 9,SDG 3,SDG 4,SDG 5,SDG 6,SDG 10,SDG 11,SDG 12,SDG 14,SDG 15,SDG 16,SDG 17
239,policybrief17_0.txt,Percentage,Percentage,70.83,8.33,8.33,4.17,4.17,4.17,0,0,0,0,0,0,0,0,0,0,0
240,policybrief18_0.txt,SDG,policybrief18_0.txt,SDG 7,SDG 17,SDG 13,SDG 8,SDG 15,SDG 9,SDG 1,SDG 2,SDG 3,SDG 4,SDG 5,SDG 6,SDG 10,SDG 11,SDG 12,SDG 14,SDG 16
242,policybrief18_0.txt,Percentage,Percentage,30.3,21.21,18.18,12.12,9.09,6.06,3.03,0,0,0,0,0,0,0,0,0,0
243,policybrief19_0.txt,SDG,policybrief19_0.txt,SDG 13,SDG 1,SDG 17,SDG 7,SDG 2,SDG 9,SDG 10,SDG 3,SDG 15,SDG 4,SDG 5,SDG 6,SDG 8,SDG 11,SDG 12,SDG 14,SDG 16
245,policybrief19_0.txt,Percentage,Percentage,28.57,17.86,14.29,10.71,7.14,7.14,7.14,3.57,3.57,0,0,0,0,0,0,0,0
279,policybrief2_0.txt,SDG,policybrief2_0.txt,SDG 3,SDG 2,SDG 1,SDG 4,SDG 5,SDG 6,SDG 7,SDG 8,SDG 9,SDG 10,SDG 11,SDG 12,SDG 13,SDG 14,SDG 15,SDG 16,SDG 17
281,policybrief2_0.txt,Percentage,Percentage,92.31,7.69,0,0,0,0,0,0,0,0,0,0,0,0,0,0,0
249,policybrief20_0.txt,SDG,policybrief20_0.txt,SDG 6,SDG 13,SDG 2,SDG 1,SDG 7,SDG 9,SDG 15,SDG 16,SDG 3,SDG 4,SDG 5,SDG 8,SDG 10,SDG 11,SDG 12,SDG 14,SDG 17
251,policybrief20_0.txt,Percentage,Percentage,41.38,27.59,10.34,6.9,3.45,3.45,3.45,3.45,0,0,0,0,0,0,0,0,0
252,policybrief21_0.txt,SDG,policybrief21_0.txt,SDG 13,SDG 17,SDG 7,SDG 8,SDG 1,SDG 10,SDG 2,SDG 3,SDG 4,SDG 5,SDG 6,SDG 9,SDG 11,SDG 12,SDG 14,SDG 15,SDG 16
254,policybrief21_0.txt,Percentage,Percentage,59.09,13.64,9.09,9.09,4.55,4.55,0,0,0,0,0,0,0,0,0,0,0
255,policybrief22_0.txt,SDG,policybrief22_0.txt,SDG 13,SDG 17,SDG 10,SDG 7,SDG 9,SDG 12,SDG 15,SDG 16,SDG 1,SDG 2,SDG 3,SDG 4,SDG 5,SDG 6,SDG 8,SDG 11,SDG 14
257,policybrief22_0.txt,Percentage,Percentage,38.89,22.22,16.67,5.56,5.56,5.56,2.78,2.78,0,0,0,0,0,0,0,0,0
258,policybrief23_0.txt,SDG,policybrief23_0.txt,SDG 7,SDG 9,SDG 13,SDG 17,SDG 1,SDG 2,SDG 3,SDG 4,SDG 5,SDG 6,SDG 8,SDG 10,SDG 11,SDG 12,SDG 14,SDG 15,SDG 16
260,policybrief23_0.txt,Percentage,Percentage,73.53,14.71,8.82,2.94,0,0,0,0,0,0,0,0,0,0,0,0,0
261,policybrief24_0.txt,SDG,policybrief24_0.txt,SDG 7,SDG 13,SDG 4,SDG 8,SDG 9,SDG 16,SDG 17,SDG 1,SDG 2,SDG 3,SDG 5,SDG 6,SDG 10,SDG 11,SDG 12,SDG 14,SDG 15
263,policybrief24_0.txt,Percentage,Percentage,64.86,21.62,2.7,2.7,2.7,2.7,2.7,0,0,0,0,0,0,0,0,0,0
264,policybrief25_0.txt,SDG,policybrief25_0.txt,SDG 13,SDG 11,SDG 1,SDG 2,SDG 6,SDG 8,SDG 3,SDG 4,SDG 5,SDG 7,SDG 9,SDG 10,SDG 12,SDG 14,SDG 15,SDG 16,SDG 17
266,policybrief25_0.txt,Percentage,Percentage,43.24,32.43,8.11,8.11,5.41,2.7,0,0,0,0,0,0,0,0,0,0,0
267,policybrief26_0.txt,SDG,policybrief26_0.txt,SDG 14,SDG 13,SDG 1,SDG 2,SDG 9,SDG 15,SDG 3,SDG 4,SDG 5,SDG 6,SDG 7,SDG 8,SDG 10,SDG 11,SDG 12,SDG 16,SDG 17
269,policybrief26_0.txt,Percentage,Percentage,75,19.12,1.47,1.47,1.47,1.47,0,0,0,0,0,0,0,0,0,0,0
270,policybrief27_0.txt,SDG,policybrief27_0.txt,SDG 1,SDG 2,SDG 3,SDG 4,SDG 5,SDG 6,SDG 7,SDG 8,SDG 9,SDG 10,SDG 11,SDG 12,SDG 13,SDG 14,SDG 15,SDG 16,SDG 17
272,policybrief27_0.txt,Percentage,Percentage,0,,,,,,,,,,,,,,,,
273,policybrief28_0.txt,SDG,policybrief28_0.txt,SDG 11,SDG 1,SDG 2,SDG 6,SDG 15,SDG 7,SDG 8,SDG 16,SDG 3,SDG 4,SDG 5,SDG 9,SDG 10,SDG 12,SDG 13,SDG 14,SDG 17
275,policybrief28_0.txt,Percentage,Percentage,21.05,15.79,15.79,15.79,15.79,5.26,5.26,5.26,0,0,0,0,0,0,0,0,0
276,policybrief29_0.txt,SDG,policybrief29_0.txt,SDG 8,SDG 1,SDG 17,SDG 2,SDG 3,SDG 4,SDG 5,SDG 6,SDG 7,SDG 9,SDG 10,SDG 11,SDG 12,SDG 13,SDG 14,SDG 15,SDG 16
278,policybrief29_0.txt,Percentage,Percentage,57.14,28.57,14.29,0,0,0,0,0,0,0,0,0,0,0,0,0,0
312,policybrief3_0.txt,SDG,policybrief3_0.txt,SDG 1,SDG 3,SDG 2,SDG 4,SDG 5,SDG 6,SDG 7,SDG 8,SDG 9,SDG 10,SDG 11,SDG 12,SDG 13,SDG 14,SDG 15,SDG 16,SDG 17
314,policybrief3_0.txt,Percentage,Percentage,70,20,10,0,0,0,0,0,0,0,0,0,0,0,0,0,0
282,policybrief30_0.txt,SDG,policybrief30_0.txt,SDG 8,SDG 10,SDG 1,SDG 2,SDG 3,SDG 4,SDG 5,SDG 6,SDG 7,SDG 9,SDG 11,SDG 12,SDG 13,SDG 14,SDG 15,SDG 16,SDG 17
284,policybrief30_0.txt,Percentage,Percentage,75,25,0,0,0,0,0,0,0,0,0,0,0,0,0,0,0
285,policybrief31_0.txt,SDG,policybrief31_0.txt,SDG 8,SDG 7,SDG 11,SDG 13,SDG 1,SDG 2,SDG 3,SDG 4,SDG 5,SDG 6,SDG 9,SDG 10,SDG 12,SDG 14,SDG 15,SDG 16,SDG 17
287,policybrief31_0.txt,Percentage,Percentage,60,13.33,13.33,13.33,0,0,0,0,0,0,0,0,0,0,0,0,0
288,policybrief32_0.txt,SDG,policybrief32_0.txt,SDG 8,SDG 17,SDG 13,SDG 11,SDG 1,SDG 7,SDG 2,SDG 3,SDG 4,SDG 5,SDG 6,SDG 9,SDG 10,SDG 12,SDG 14,SDG 15,SDG 16
290,policybrief32_0.txt,Percentage,Percentage,33.33,27.78,16.67,11.11,5.56,5.56,0,0,0,0,0,0,0,0,0,0,0
291,policybrief33_0.txt,SDG,policybrief33_0.txt,SDG 7,SDG 13,SDG 1,SDG 2,SDG 3,SDG 4,SDG 5,SDG 6,SDG 8,SDG 9,SDG 10,SDG 11,SDG 12,SDG 14,SDG 15,SDG 16,SDG 17
293,policybrief33_0.txt,Percentage,Percentage,88.89,11.11,0,0,0,0,0,0,0,0,0,0,0,0,0,0,0
294,policybrief34_0.txt,SDG,policybrief34_0.txt,SDG 13,SDG 17,SDG 2,SDG 7,SDG 9,SDG 8,SDG 1,SDG 15,SDG 3,SDG 4,SDG 5,SDG 6,SDG 10,SDG 11,SDG 12,SDG 14,SDG 16
296,policybrief34_0.txt,Percentage,Percentage,40,16.67,10,10,10,6.67,3.33,3.33,0,0,0,0,0,0,0,0,0
297,policybrief35_0.txt,SDG,policybrief35_0.txt,SDG 2,SDG 9,SDG 13,SDG 6,SDG 1,SDG 15,SDG 4,SDG 8,SDG 10,SDG 12,SDG 17,SDG 3,SDG 5,SDG 7,SDG 11,SDG 14,SDG 16
299,policybrief35_0.txt,Percentage,Percentage,47.83,15.22,10.87,6.52,4.35,4.35,2.17,2.17,2.17,2.17,2.17,0,0,0,0,0,0
300,policybrief36_0.txt,SDG,policybrief36_0.txt,SDG 8,SDG 7,SDG 1,SDG 13,SDG 2,SDG 3,SDG 4,SDG 5,SDG 6,SDG 9,SDG 10,SDG 11,SDG 12,SDG 14,SDG 15,SDG 16,SDG 17
302,policybrief36_0.txt,Percentage,Percentage,78.95,10.53,5.26,5.26,0,0,0,0,0,0,0,0,0,0,0,0,0
303,policybrief37_0.txt,SDG,policybrief37_0.txt,SDG 3,SDG 10,SDG 8,SDG 2,SDG 4,SDG 6,SDG 17,SDG 1,SDG 5,SDG 7,SDG 9,SDG 11,SDG 12,SDG 13,SDG 14,SDG 15,SDG 16
305,policybrief37_0.txt,Percentage,Percentage,82.69,5.77,3.85,1.92,1.92,1.92,1.92,0,0,0,0,0,0,0,0,0,0
306,policybrief38_0.txt,SDG,policybrief38_0.txt,SDG 10,SDG 17,SDG 13,SDG 8,SDG 1,SDG 2,SDG 3,SDG 4,SDG 5,SDG 6,SDG 7,SDG 9,SDG 11,SDG 12,SDG 14,SDG 15,SDG 16
308,policybrief38_0.txt,Percentage,Percentage,44.44,40.74,11.11,3.7,0,0,0,0,0,0,0,0,0,0,0,0,0
309,policybrief39_0.txt,SDG,policybrief39_0.txt,SDG 13,SDG 10,SDG 17,SDG 1,SDG 2,SDG 3,SDG 4,SDG 5,SDG 6,SDG 7,SDG 8,SDG 9,SDG 11,SDG 12,SDG 14,SDG 15,SDG 16
311,policybrief39_0.txt,Percentage,Percentage,55.56,22.22,22.22,0,0,0,0,0,0,0,0,0,0,0,0,0,0
327,policybrief4_0.txt,SDG,policybrief4_0.txt,SDG 17,SDG 8,SDG 16,SDG 1,SDG 2,SDG 3,SDG 4,SDG 5,SDG 6,SDG 7,SDG 9,SDG 10,SDG 11,SDG 12,SDG 13,SDG 14,SDG 15
329,policybrief4_0.txt,Percentage,Percentage,50,25,25,0,0,0,0,0,0,0,0,0,0,0,0,0,0
315,policybrief40_0.txt,SDG,policybrief40_0.txt,SDG 11,SDG 7,SDG 8,SDG 12,SDG 6,SDG 1,SDG 9,SDG 10,SDG 13,SDG 3,SDG 15,SDG 2,SDG 4,SDG 5,SDG 14,SDG 16,SDG 17
317,policybrief40_0.txt,Percentage,Percentage,21.43,16.07,16.07,16.07,12.5,3.57,3.57,3.57,3.57,1.79,1.79,0,0,0,0,0,0
318,policybrief41_0.txt,SDG,policybrief41_0.txt,SDG 2,SDG 9,SDG 8,SDG 1,SDG 6,SDG 12,SDG 13,SDG 3,SDG 4,SDG 5,SDG 7,SDG 10,SDG 11,SDG 14,SDG 15,SDG 16,SDG 17
320,policybrief41_0.txt,Percentage,Percentage,45.45,40,5.45,3.64,1.82,1.82,1.82,0,0,0,0,0,0,0,0,0,0
321,policybrief42_0.txt,SDG,policybrief42_0.txt,SDG 8,SDG 1,SDG 3,SDG 6,SDG 7,SDG 15,SDG 17,SDG 2,SDG 4,SDG 5,SDG 9,SDG 10,SDG 11,SDG 12,SDG 13,SDG 14,SDG 16
323,policybrief42_0.txt,Percentage,Percentage,68,8,8,4,4,4,4,0,0,0,0,0,0,0,0,0,0
324,policybrief43_0.txt,SDG,policybrief43_0.txt,SDG 7,SDG 8,SDG 9,SDG 10,SDG 17,SDG 1,SDG 2,SDG 3,SDG 4,SDG 5,SDG 6,SDG 11,SDG 12,SDG 13,SDG 14,SDG 15,SDG 16
326,policybrief43_0.txt,Percentage,Percentage,50,25,15,5,5,0,0,0,0,0,0,0,0,0,0,0,0
330,policybrief5_0.txt,SDG,policybrief5_0.txt,SDG 8,SDG 17,SDG 1,SDG 2,SDG 3,SDG 4,SDG 5,SDG 6,SDG 7,SDG 9,SDG 10,SDG 11,SDG 12,SDG 13,SDG 14,SDG 15,SDG 16
332,policybrief5_0.txt,Percentage,Percentage,50,50,0,0,0,0,0,0,0,0,0,0,0,0,0,0,0
333,policybrief6_0.txt,SDG,policybrief6_0.txt,SDG 11,SDG 1,SDG 13,SDG 8,SDG 9,SDG 2,SDG 3,SDG 4,SDG 5,SDG 6,SDG 7,SDG 10,SDG 12,SDG 14,SDG 15,SDG 16,SDG 17
335,policybrief6_0.txt,Percentage,Percentage,33.33,29.17,29.17,4.17,4.17,0,0,0,0,0,0,0,0,0,0,0,0
336,policybrief7_0.txt,SDG,policybrief7_0.txt,SDG 8,SDG 16,SDG 17,SDG 1,SDG 2,SDG 3,SDG 4,SDG 5,SDG 6,SDG 7,SDG 9,SDG 10,SDG 11,SDG 12,SDG 13,SDG 14,SDG 15
338,policybrief7_0.txt,Percentage,Percentage,40,40,20,0,0,0,0,0,0,0,0,0,0,0,0,0,0
339,policybrief8_0.txt,SDG,policybrief8_0.txt,SDG 2,SDG 10,SDG 1,SDG 17,SDG 9,SDG 6,SDG 15,SDG 3,SDG 4,SDG 5,SDG 7,SDG 8,SDG 11,SDG 12,SDG 13,SDG 14,SDG 16
341,policybrief8_0.txt,Percentage,Percentage,42.86,17.14,14.29,14.29,5.71,2.86,2.86,0,0,0,0,0,0,0,0,0,0
342,policybrief9_0.txt,SDG,policybrief9_0.txt,SDG 1,SDG 8,SDG 17,SDG 7,SDG 2,SDG 3,SDG 4,SDG 5,SDG 6,SDG 9,SDG 10,SDG 11,SDG 12,SDG 13,SDG 14,SDG 15,SDG 16
344,policybrief9_0.txt,Percentage,Percentage,28.57,28.57,28.57,14.29,0,0,0,0,0,0,0,0,0,0,0,0,0
213,UNTT_MonitoringReport_WEB-out_0.txt,SDG,UNTT_MonitoringReport_WEB-out_0.txt,SDG 16,SDG 3,SDG 17,SDG 8,SDG 1,SDG 10,SDG 5,SDG 15,SDG 2,SDG 13,SDG 7,SDG 12,SDG 4,SDG 6,SDG 14,SDG 9,SDG 11
215,UNTT_MonitoringReport_WEB-out_0.txt,Percentage,Percentage,20.51,15.38,10.68,9.83,9.4,8.12,7.26,5.13,2.99,2.99,2.14,2.14,1.71,0.85,0.85,0,0
375,wp1_2005_0.txt,SDG,wp1_2005_0.txt,SDG 8,SDG 17,SDG 1,SDG 10,SDG 16,SDG 2,SDG 3,SDG 4,SDG 5,SDG 6,SDG 7,SDG 9,SDG 11,SDG 12,SDG 13,SDG 14,SDG 15
377,wp1_2005_0.txt,Percentage,Percentage,42.55,34.04,10.64,8.51,4.26,0,0,0,0,0,0,0,0,0,0,0,0
345,wp10_2005_0.txt,SDG,wp10_2005_0.txt,SDG 8,SDG 17,SDG 1,SDG 2,SDG 3,SDG 4,SDG 5,SDG 6,SDG 7,SDG 9,SDG 10,SDG 11,SDG 12,SDG 13,SDG 14,SDG 15,SDG 16
347,wp10_2005_0.txt,Percentage,Percentage,84,12,4,0,0,0,0,0,0,0,0,0,0,0,0,0,0
348,wp11_2006_0.txt,SDG,wp11_2006_0.txt,SDG 1,SDG 16,SDG 9,SDG 2,SDG 8,SDG 10,SDG 15,SDG 3,SDG 4,SDG 5,SDG 6,SDG 7,SDG 11,SDG 12,SDG 13,SDG 14,SDG 17
350,wp11_2006_0.txt,Percentage,Percentage,42,26,10,8,8,4,2,0,0,0,0,0,0,0,0,0,0
351,wp12_2006_0.txt,SDG,wp12_2006_0.txt,SDG 8,SDG 10,SDG 17,SDG 1,SDG 16,SDG 2,SDG 3,SDG 4,SDG 5,SDG 6,SDG 7,SDG 9,SDG 11,SDG 12,SDG 13,SDG 14,SDG 15
353,wp12_2006_0.txt,Percentage,Percentage,27.59,27.59,24.14,10.34,6.9,3.45,0,0,0,0,0,0,0,0,0,0,0
354,wp13_2006_0.txt,SDG,wp13_2006_0.txt,SDG 1,SDG 3,SDG 4,SDG 6,SDG 8,SDG 2,SDG 5,SDG 7,SDG 9,SDG 10,SDG 11,SDG 12,SDG 13,SDG 14,SDG 15,SDG 16,SDG 17
356,wp13_2006_0.txt,Percentage,Percentage,66.15,26.15,3.08,3.08,1.54,0,0,0,0,0,0,0,0,0,0,0,0
357,wp14_2006_0.txt,SDG,wp14_2006_0.txt,SDG 8,SDG 9,SDG 16,SDG 3,SDG 10,SDG 11,SDG 17,SDG 1,SDG 2,SDG 15,SDG 4,SDG 5,SDG 6,SDG 7,SDG 12,SDG 13,SDG 14
359,wp14_2006_0.txt,Percentage,Percentage,62.32,7.25,5.8,4.35,4.35,4.35,4.35,2.9,2.9,1.45,0,0,0,0,0,0,0
360,wp15_2006_0.txt,SDG,wp15_2006_0.txt,SDG 4,SDG 1,SDG 6,SDG 3,SDG 8,SDG 16,SDG 17,SDG 10,SDG 2,SDG 9,SDG 11,SDG 5,SDG 7,SDG 12,SDG 13,SDG 14,SDG 15
362,wp15_2006_0.txt,Percentage,Percentage,22.31,20.77,15.38,10,9.23,8.46,7.69,3.08,1.54,0.77,0.77,0,0,0,0,0,0
363,wp16_2006_0.txt,SDG,wp16_2006_0.txt,SDG 8,SDG 16,SDG 17,SDG 9,SDG 10,SDG 1,SDG 2,SDG 3,SDG 4,SDG 5,SDG 6,SDG 7,SDG 11,SDG 12,SDG 13,SDG 14,SDG 15
365,wp16_2006_0.txt,Percentage,Percentage,78.69,8.2,6.56,3.28,3.28,0,0,0,0,0,0,0,0,0,0,0,0
366,wp17_2006_0.txt,SDG,wp17_2006_0.txt,SDG 8,SDG 1,SDG 3,SDG 10,SDG 4,SDG 17,SDG 16,SDG 2,SDG 5,SDG 9,SDG 6,SDG 7,SDG 11,SDG 12,SDG 13,SDG 14,SDG 15
368,wp17_2006_0.txt,Percentage,Percentage,44.27,21.37,13.74,6.11,4.58,3.82,3.05,1.53,0.76,0.76,0,0,0,0,0,0,0
369,wp18_2006_0.txt,SDG,wp18_2006_0.txt,SDG 10,SDG 8,SDG 4,SDG 5,SDG 11,SDG 12,SDG 17,SDG 1,SDG 2,SDG 3,SDG 6,SDG 7,SDG 9,SDG 13,SDG 14,SDG 15,SDG 16
371,wp18_2006_0.txt,Percentage,Percentage,46.15,33.33,10.26,2.56,2.56,2.56,2.56,0,0,0,0,0,0,0,0,0,0
372,wp19_2006_0.txt,SDG,wp19_2006_0.txt,SDG 8,SDG 16,SDG 1,SDG 2,SDG 3,SDG 4,SDG 5,SDG 6,SDG 7,SDG 9,SDG 10,SDG 11,SDG 12,SDG 13,SDG 14,SDG 15,SDG 17
374,wp19_2006_0.txt,Percentage,Percentage,93.75,6.25,0,0,0,0,0,0,0,0,0,0,0,0,0,0,0
408,wp2_2005_0.txt,SDG,wp2_2005_0.txt,SDG 1,SDG 10,SDG 8,SDG 3,SDG 2,SDG 5,SDG 16,SDG 4,SDG 6,SDG 7,SDG 9,SDG 11,SDG 12,SDG 13,SDG 14,SDG 15,SDG 17
410,wp2_2005_0.txt,Percentage,Percentage,34.78,26.09,17.39,8.7,4.35,4.35,4.35,0,0,0,0,0,0,0,0,0,0
378,wp20_2006_0.txt,SDG,wp20_2006_0.txt,SDG 1,SDG 8,SDG 13,SDG 10,SDG 15,SDG 3,SDG 2,SDG 6,SDG 7,SDG 9,SDG 16,SDG 4,SDG 5,SDG 11,SDG 12,SDG 14,SDG 17
380,wp20_2006_0.txt,Percentage,Percentage,52.67,28.24,6.11,3.05,3.05,2.29,1.53,0.76,0.76,0.76,0.76,0,0,0,0,0,0
381,wp21_2006_0.txt,SDG,wp21_2006_0.txt,SDG 8,SDG 16,SDG 17,SDG 1,SDG 2,SDG 3,SDG 4,SDG 5,SDG 6,SDG 7,SDG 9,SDG 10,SDG 11,SDG 12,SDG 13,SDG 14,SDG 15
383,wp21_2006_0.txt,Percentage,Percentage,64.29,14.29,14.29,7.14,0,0,0,0,0,0,0,0,0,0,0,0,0
384,wp22_2006_0.txt,SDG,wp22_2006_0.txt,SDG 1,SDG 8,SDG 4,SDG 3,SDG 10,SDG 6,SDG 16,SDG 11,SDG 5,SDG 7,SDG 9,SDG 2,SDG 12,SDG 13,SDG 14,SDG 15,SDG 17
386,wp22_2006_0.txt,Percentage,Percentage,42.77,29.56,8.81,6.29,5.66,1.89,1.89,1.26,0.63,0.63,0.63,0,0,0,0,0,0
387,wp23_2006_0.txt,SDG,wp23_2006_0.txt,SDG 10,SDG 17,SDG 16,SDG 1,SDG 5,SDG 6,SDG 8,SDG 2,SDG 3,SDG 4,SDG 7,SDG 9,SDG 11,SDG 12,SDG 13,SDG 14,SDG 15
389,wp23_2006_0.txt,Percentage,Percentage,45.45,25,20.45,2.27,2.27,2.27,2.27,0,0,0,0,0,0,0,0,0,0
390,wp24_2006_0.txt,SDG,wp24_2006_0.txt,SDG 8,SDG 17,SDG 10,SDG 12,SDG 1,SDG 4,SDG 2,SDG 3,SDG 5,SDG 6,SDG 7,SDG 9,SDG 11,SDG 13,SDG 14,SDG 15,SDG 16
392,wp24_2006_0.txt,Percentage,Percentage,55.56,22.22,7.41,7.41,3.7,3.7,0,0,0,0,0,0,0,0,0,0,0
393,wp25_2006_0.txt,SDG,wp25_2006_0.txt,SDG 1,SDG 17,SDG 8,SDG 10,SDG 3,SDG 16,SDG 2,SDG 9,SDG 11,SDG 4,SDG 5,SDG 6,SDG 7,SDG 12,SDG 13,SDG 14,SDG 15
395,wp25_2006_0.txt,Percentage,Percentage,31.3,19.08,18.32,17.56,3.82,3.82,2.29,1.53,1.53,0.76,0,0,0,0,0,0,0
396,wp26_2006_0.txt,SDG,wp26_2006_0.txt,SDG 10,SDG 1,SDG 2,SDG 3,SDG 4,SDG 5,SDG 6,SDG 7,SDG 8,SDG 9,SDG 11,SDG 12,SDG 13,SDG 14,SDG 15,SDG 16,SDG 17
398,wp26_2006_0.txt,Percentage,Percentage,83.33,16.67,0,0,0,0,0,0,0,0,0,0,0,0,0,0,0
399,wp27_2006_0.txt,SDG,wp27_2006_0.txt,SDG 10,SDG 1,SDG 8,SDG 3,SDG 2,SDG 4,SDG 5,SDG 6,SDG 7,SDG 9,SDG 11,SDG 12,SDG 13,SDG 14,SDG 15,SDG 16,SDG 17
401,wp27_2006_0.txt,Percentage,Percentage,34.38,31.25,31.25,3.12,0,0,0,0,0,0,0,0,0,0,0,0,0
402,wp28_2006_0.txt,SDG,wp28_2006_0.txt,SDG 8,SDG 1,SDG 2,SDG 3,SDG 4,SDG 5,SDG 6,SDG 7,SDG 9,SDG 10,SDG 11,SDG 12,SDG 13,SDG 14,SDG 15,SDG 16,SDG 17
404,wp28_2006_0.txt,Percentage,Percentage,100,0,0,0,0,0,0,0,0,0,0,0,0,0,0,0,0
405,wp29_2006_0.txt,SDG,wp29_2006_0.txt,SDG 8,SDG 10,SDG 17,SDG 1,SDG 2,SDG 3,SDG 4,SDG 5,SDG 6,SDG 7,SDG 9,SDG 11,SDG 12,SDG 13,SDG 14,SDG 15,SDG 16
407,wp29_2006_0.txt,Percentage,Percentage,71.11,13.33,8.89,2.22,2.22,2.22,0,0,0,0,0,0,0,0,0,0,0
429,wp3_2005_0.txt,SDG,wp3_2005_0.txt,SDG 10,SDG 8,SDG 2,SDG 17,SDG 1,SDG 4,SDG 3,SDG 5,SDG 16,SDG 6,SDG 7,SDG 9,SDG 11,SDG 12,SDG 13,SDG 14,SDG 15
431,wp3_2005_0.txt,Percentage,Percentage,52.31,15.38,9.23,7.69,6.15,4.62,1.54,1.54,1.54,0,0,0,0,0,0,0,0
411,wp30_2006_0.txt,SDG,wp30_2006_0.txt,SDG 1,SDG 3,SDG 10,SDG 8,SDG 17,SDG 2,SDG 6,SDG 4,SDG 5,SDG 11,SDG 7,SDG 9,SDG 12,SDG 13,SDG 14,SDG 15,SDG 16
413,wp30_2006_0.txt,Percentage,Percentage,36.07,36.07,6.56,4.92,4.92,3.28,3.28,1.64,1.64,1.64,0,0,0,0,0,0,0
414,wp31_2006_0.txt,SDG,wp31_2006_0.txt,SDG 3,SDG 8,SDG 4,SDG 1,SDG 16,SDG 10,SDG 17,SDG 2,SDG 5,SDG 6,SDG 7,SDG 9,SDG 11,SDG 12,SDG 13,SDG 14,SDG 15
416,wp31_2006_0.txt,Percentage,Percentage,44.68,29.79,8.51,6.38,6.38,2.13,2.13,0,0,0,0,0,0,0,0,0,0
417,wp32_2006_0.txt,SDG,wp32_2006_0.txt,SDG 8,SDG 1,SDG 4,SDG 10,SDG 3,SDG 16,SDG 17,SDG 2,SDG 5,SDG 6,SDG 7,SDG 9,SDG 11,SDG 12,SDG 13,SDG 14,SDG 15
419,wp32_2006_0.txt,Percentage,Percentage,72.94,9.41,5.88,4.71,2.35,2.35,2.35,0,0,0,0,0,0,0,0,0,0
420,wp33_2006_0.txt,SDG,wp33_2006_0.txt,SDG 1,SDG 10,SDG 8,SDG 2,SDG 4,SDG 9,SDG 3,SDG 16,SDG 17,SDG 5,SDG 6,SDG 7,SDG 11,SDG 12,SDG 13,SDG 14,SDG 15
422,wp33_2006_0.txt,Percentage,Percentage,35.08,26.21,25.81,3.63,3.63,2.02,1.61,1.21,0.81,0,0,0,0,0,0,0,0
423,wp34_2006_0.txt,SDG,wp34_2006_0.txt,SDG 8,SDG 4,SDG 10,SDG 1,SDG 2,SDG 3,SDG 5,SDG 6,SDG 7,SDG 9,SDG 11,SDG 12,SDG 13,SDG 14,SDG 15,SDG 16,SDG 17
425,wp34_2006_0.txt,Percentage,Percentage,89.47,5.26,5.26,0,0,0,0,0,0,0,0,0,0,0,0,0,0
426,wp35_2006_0.txt,SDG,wp35_2006_0.txt,SDG 10,SDG 1,SDG 8,SDG 4,SDG 12,SDG 2,SDG 3,SDG 5,SDG 6,SDG 7,SDG 9,SDG 11,SDG 13,SDG 14,SDG 15,SDG 16,SDG 17
428,wp35_2006_0.txt,Percentage,Percentage,62.5,20.83,8.33,4.17,4.17,0,0,0,0,0,0,0,0,0,0,0,0
432,wp4_2005_0.txt,SDG,wp4_2005_0.txt,SDG 8,SDG 16,SDG 9,SDG 17,SDG 1,SDG 2,SDG 10,SDG 3,SDG 4,SDG 5,SDG 6,SDG 7,SDG 11,SDG 12,SDG 13,SDG 14,SDG 15
434,wp4_2005_0.txt,Percentage,Percentage,37.93,31.03,10.34,10.34,3.45,3.45,3.45,0,0,0,0,0,0,0,0,0,0
435,wp5_2005_0.txt,SDG,wp5_2005_0.txt,SDG 8,SDG 17,SDG 4,SDG 1,SDG 10,SDG 2,SDG 9,SDG 16,SDG 3,SDG 5,SDG 6,SDG 7,SDG 11,SDG 12,SDG 13,SDG 14,SDG 15
437,wp5_2005_0.txt,Percentage,Percentage,35.71,16.67,14.29,11.9,9.52,4.76,4.76,2.38,0,0,0,0,0,0,0,0,0
438,wp6_2005_0.txt,SDG,wp6_2005_0.txt,SDG 8,SDG 10,SDG 1,SDG 16,SDG 2,SDG 3,SDG 4,SDG 5,SDG 6,SDG 7,SDG 9,SDG 11,SDG 12,SDG 13,SDG 14,SDG 15,SDG 17
440,wp6_2005_0.txt,Percentage,Percentage,57.69,30.77,7.69,3.85,0,0,0,0,0,0,0,0,0,0,0,0,0
441,wp7_2005_0.txt,SDG,wp7_2005_0.txt,SDG 8,SDG 17,SDG 4,SDG 9,SDG 1,SDG 10,SDG 16,SDG 2,SDG 3,SDG 5,SDG 6,SDG 7,SDG 11,SDG 12,SDG 13,SDG 14,SDG 15
443,wp7_2005_0.txt,Percentage,Percentage,42.68,30.49,13.41,7.32,3.66,1.22,1.22,0,0,0,0,0,0,0,0,0,0
444,wp8_2005_0.txt,SDG,wp8_2005_0.txt,SDG 8,SDG 1,SDG 3,SDG 9,SDG 4,SDG 10,SDG 2,SDG 5,SDG 6,SDG 7,SDG 11,SDG 12,SDG 13,SDG 14,SDG 15,SDG 16,SDG 17
446,wp8_2005_0.txt,Percentage,Percentage,34.15,21.95,14.63,12.2,7.32,7.32,2.44,0,0,0,0,0,0,0,0,0,0
447,wp9_2006_0.txt,SDG,wp9_2006_0.txt,SDG 1,SDG 10,SDG 8,SDG 17,SDG 16,SDG 4,SDG 5,SDG 11,SDG 2,SDG 9,SDG 15,SDG 3,SDG 6,SDG 7,SDG 12,SDG 13,SDG 14
449,wp9_2006_0.txt,Percentage,Percentage,31.58,28.07,14.04,14.04,4.39,1.75,1.75,1.75,0.88,0.88,0.88,0,0,0,0,0,0